:020000040800F2
:100000000004002051010008530100089174000809
:100010005301000853010008530100085301000870
:10002000530100085301000853010008015A000859
:100030005301000853010008530100085301000850
:100040005301000853010008530100085301000840
:100050005301000853010008C1740008117500081D
:1000600061750008B175000801760008B15A0008F2
:10007000D15A0008F15A0008115B0008315B0008F2
:10008000515B0008715B0008530100085301000830
:10009000530100085301000853010008517600087D
:1000A00053010008530100085301000853010008E0
:1000B000517700085301000853010008530100085C
:1000C000530100085301000853010008F1760008AD
:1000D000217700085301000853010008530100086C
:1000E000A1760008530100085301000853010008DD
:1000F0005301000853010008530100085301000890
:10010000530100085301000853010008530100087F
:10011000530100085301000853010008530100086F
:10012000530100085301000853010008530100085F
:10013000530100085301000853010008530100084F
:04014000117800082A
:1001500026E000F000F8FEE70000000000000000CC
:100160002DE9F04FC1F80CD0C3689D46BDE8F08F73
:1001700004F05EFB002383F311882846A04700208B
:1001800005F02EFC04F034FB05F0BAFB04F050FB44
:1001900000DFFEE70000000000000000000000009B
:1001A00072B6274880F30888264880F309882648D5
:1001B0004EF60851CEF200010860022080F3148848
:1001C000BFF36F8F05F02CFC05F032FC4FF055307B
:1001D0001E491B4A91423CBF41F8040BFAE71C49F7
:1001E000184A91423CBF41F8040BFAE719491A4AF0
:1001F0001A4B9A423EBF51F8040B42F8040BF8E741
:1002000000201749174A91423CBF41F8040BFAE716
:1002100005F026FC05F014FC134C144DAC4203DA37
:1002200054F8041B8847F9E705F0B2FC104C114D57
:10023000AC4203DA54F8041B8847F9E705F008BC20
:10024000000400200008002000000008000000203A
:1002500000040020E08E0008000800206008002054
:10026000600800206C2500204001000844010008BF
:1002700044010008440100080000000000000000E4
:1002800053B94AB9002908BF00281CBF4FF0FF31FD
:100290004FF0FF3000F00CB8ADF1080C6DE904CE62
:1002A00007F096FDDDF804E0DDE9022304B07047B5
:1002B000704700BF000000000000000000000000C8
:1002C000064B9A6A002A01DDDA6A1AB172B6044A4C
:1002D0005A62FEE70122DA62704700BF341F002035
:1002E000C0800008000000000000000000000000C6
:1002F000064B9A6A002A02DDDA6A002A03DC72B62B
:10030000034A5A62FEE70022DA627047341F002077
:10031000D080000800000000000000000000000085
:10032000202383F31188074B9A6A002A01DBD96ADC
:1003300019B172B6044A5A62FEE701329A6281F339
:1003400011887047341F0020E08000080000000082
:10035000202383F31188074B9A6A002A01DDD96AAA
:1003600019B172B6044A5A62FEE7013A9A6281F301
:1003700011887047341F0020F08000080000000042
:10038000054B9A6A002A02DBDA6A002A03DC72B69D
:10039000024A5A62FEE77047341F002000810008BD
:1003A000054B9A6A12B9DA6A002A03DC72B6034A6C
:1003B0005A62FEE7704700BF341F0020108100081A
:1003C00008B5FFF7DDFF094B18B972B6084A5A6243
:1003D000FEE70022027582681B6899689142FBD88B
:1003E0005A68036042601060586008BD341F0020E6
:1003F000708C0008000000000000000000000000F9
:10040000FEE7000000000000000000000000000007
:1004100070B515461E46264CFFF7B2FF19B972B6E5
:10042000244B6362FEE7C0E9035626464FF0804541
:1004300056F8143F02296A6A38BF0221B34292B2C9
:1004400012D12284C4E90500C0E900334FF6FF73DE
:10045000994294BF5218D218002392B281606A6305
:100460002B610223EB6070BD268C921B92B289181F
:100470009A6802D31B68891A09E0914207D24FF6A5
:10048000FF72914294BF7618B618B6B26E639A683E
:100490008A42EFD35A6803604260106058608160FE
:1004A0009A68521A9A604FF0FF33E361DBE700BFAE
:1004B000341F0020D08C0008000000000000000065
:1004C00010B5214CFFF75CFF234653F8141F8142FF
:1004D0000CD0D0E900210A60516000219A42C1602D
:1004E00003D0936881680B44936010BD00200A68B4
:1004F0009A4262615360C86003D14FF08043D86074
:10050000F3E7936889680B4493604FF08042218C35
:10051000526A521A92B29342E7D9981A012809D81E
:10052000931CB3F5803F0BD219444FF0804389B23E
:100530005963DAE74FF6FF72934228BF1346F3E799
:1005400072B6024B6362FEE7341F0020B08C0008D5
:10055000202383F311880F4B5B6813F4006315D0DD
:10056000EFF309834FF0807243F8042CA3F12002CB
:1005700082F30988084A1168126989689268914271
:100580008CBF064A064A43F8082C704783F311884B
:10059000704700BF00ED00E0341F00208501000817
:1005A00090010008000000000000000000000000B2
:1005B00010B40468437B2168827B4068D94000689E
:1005C00001F00E0108420DD001FA03F36360064BFF
:1005D000013253F832402CB103EBC2035868234672
:1005E00010BC184710BC70473020002000000000ED
:1005F00008B5FFF7C5FEC3681BB1BDE80840FFF7AB
:100600005FBF08BD00000000000000000000000007
:10061000104B984205D1104AD36943F00103D361CE
:1006200070470E4B984204D10B4AD36943F0020342
:10063000F5E70B4B984204D1074AD36943F0040312
:10064000EDE7084B9842EBD1034AD36943F0080326
:10065000E5E700BF0000024000380240000402400D
:1006600000080240000C02400000000000000000F2
:1006700010B5FFF7CDFF0323026849008B401343F9
:10068000036010BD0000000000000000000000003A
:100690000269036803EB82031963704700000000DE
:1006A00000214830FFF7F4BF000000000000000008
:1006B00000214830FFF7ECBF000000000000000000
:1006C00038B50446856B4830A9880835FFF7E0FF48
:1006D0000020A56338BD00000000000000000000FD
:1006E00037B5002503682946DB680446984784F837
:1006F000C85084F8C95084F8CA5084F8CB5003B06D
:1007000030BD0000000000000000000000000000FC
:1007100013B504460123D0F8CC00B4F8D0200191E1
:1007200001B91032934083619DF8041004F1640014
:10073000FFF7AEFF9DF8051004F18400FFF7A8FF56
:100740009DF8061004F1A40002B0BDE81040FFF7C8
:100750009FBF00000000000000000000000000003B
:1007600042F62F220A4B1B6893420ADCB3F5616FF5
:1007700009DA002B09DA13F5167FACBF0320042039
:10078000704700207047012070470220704700BF6B
:10079000040800200000000000000000000000002D
:1007A000104B984205D1104AD36943F00103D3613D
:1007B00070470E4B984204D10B4AD36943F00203B1
:1007C000F5E70B4B984204D1074AD36943F0040381
:1007D000EDE7084B9842EBD1034AD36943F0080395
:1007E000E5E700BF0000024000380240000402407C
:1007F00000080240000C0240000000000000000061
:10080000202383F31188FFF75BBD00000000000088
:1008100008B5FFF76DFD002383F3118808BD0000C4
:1008200008B5FFF7EDFF03681B689847BDE808406F
:10083000FFF7EEBF00000000000000000000000015
:100840000268134B10B59A421248134B06D0134C52
:10085000A24203D004F58064A24214D180689B6850
:1008600010F4005FD06A18BF5B000130B3FBF0F3F7
:10087000B3FBF1F08B424FF0000328BF00F1FF30D3
:100880009062536210BD80685B6810F4806FE9E786
:1008900000080140003802408C080020000C014094
:1008A00070B5856B0446B5F8051000F1480611B126
:1008B0003046FFF7C5FFD5F80110304689B207353D
:1008C000FFF7E6FE0020A56370BD000000000000F9
:1008D000034670B500B913680E46184613F8014B6D
:1008E00016F8015B6DB9A4B10E4613F8014B16F86A
:1008F000015BAC420AD13CB1002103F8011C13603A
:1009000070BDAC42ECD1E7E72346F8E7002DEED10D
:10091000EAE723462046F2E700000000000000005E
:10092000D0F80C21D0F8181100F586739B1A8B4271
:1009300028BF0B46C0F81C317BB1002380F814316E
:1009400003685B68DA60D0F81C215A608268126A1A
:100950001A601A6842F001021A6070470000000035
:10096000036859680A6822F00F020A60597B1A6806
:100970000E238B405360D0F80C21D0E946310A4455
:100980005B1A00F586718A4228BF00F10C02C0F89C
:100990001831C0F80C211BB9012380F814317047BD
:1009A000FFF7BEBF000000000000000000000000D4
:1009B000D0F81831FF2B02D94FF00D007047D0F856
:1009C00010315A1CC0F810211970D0F8102100F510
:1009D00086739A4224BF00F10C03C0F81031D0F89E
:1009E00018310133C0F818314FF000007047000093
:1009F0005830FFF7DDBF00000000000000000000DD
:100A000090F814310BB1FFF78BBF70470000000066
:100A10005830FFF7F5BF00000000000000000000A4
:100A2000002301226C202DE9F047FF2403256FF0FD
:100A30003D0604274FF0020CFA496FF04B0E0B7085
:100A40004B708B70CB700B71CB710B724A72CB7287
:100A50000B734B738B73CB730B744B748B74CB74A2
:100A60000B754B758B75CB750B764B768B76CA7683
:100A70004B778B774C718C7188720877CB7781F8C4
:100A8000203081F8213081F8223081F8233081F83C
:100A9000252081F8263081F8273081F8283081F828
:100AA000293081F82A3081F82B3081F82C3081F8F8
:100AB0002D2081F82F2081F8303081F8313081F8F5
:100AC000323081F8333081F8343081F83530C1F874
:100AD000373081F83B3081F83C3081F83D3081F887
:100AE0003E3081F8247081F82E6081F83650CE496E
:100AF0004FF01B080B704B708B70CB700B714B71F0
:100B00008B710B724A72CB720B734B738B73CB73FB
:100B10000B744B748B74CB740B754B758B75CB75D9
:100B20000B764B768B76CA764A778B77CB7781F8C4
:100B3000203081F8213081F8223081F82330C1F84B
:100B40002530CC7188720E7781F8245081F82930D5
:100B500081F82A3081F82B3081F82C30B3496FF0BE
:100B600028090B704B708B70CB700B714B718B71B4
:100B70000B724A72CB720B734B738B73CB730B7408
:100B80004B748B74CB740B754B758B75CB750B7667
:100B90004B768B76CA76CC71887208774B778B77D9
:100BA000CB7781F8203081F8213081F8223081F82C
:100BB000233081F8252081F8263081F8273081F80C
:100BC000283081F8293081F82A3081F82B3081F8DB
:100BD0002C3081F82D2081F82F2081F8303081F8D9
:100BE000313081F8323081F8333081F8343081F897
:100BF0003530C1F8373081F83B3081F83C3081F82E
:100C00003D3081F83E3081F8247081F82E6081F803
:100C1000365087494FF0760A0B704B708B70CB7053
:100C20000B714B718B710B724A72CB720B734B73DE
:100C30008B73CB730B744B748B74CB740B754B75BC
:100C40008B75CB750B764B768B76CA764B778B771D
:100C5000CB7781F8203081F82130CC718872087709
:100C600081F8223081F8233081F8263081F827304E
:100C700081F8283081F8293081F82A3081F82B302A
:100C800081F82C3081F82D2081F82F2081F8303028
:100C900081F8313081F8323081F8333081F83430E6
:100CA00081F83530C1F8373081F83B3081F83C307D
:100CB00081F83D3081F83E3081F8247081F825C0FC
:100CC00081F82E6081F836505A490B704B708B704A
:100CD000CB700B714C718C71CC710B724A72CB72F0
:100CE0000B734B738B73CB730B744B748B74CB7410
:100CF0000B754B758B75CA750A764A768B76CB6108
:100D000081F8203081F8213081F8223081F82330B9
:100D10008872CD7648490B704B708B70CB700B711D
:100D20008B714C71CB710B724A72CB720B734B731C
:100D30008B73CB730B744B748B74CB740B754B75BB
:100D40008B75CB750B764B768B76CA764A778B771D
:100D5000CB7781F8203081F8213081F8223081F87A
:100D60002330C1F8253081F8293081F82A30887283
:100D70000E7781F8245081F82B3081F82C302F49E0
:100D80000B704B708B70CB700B718B71CB710B72C6
:100D90004A72CB720B734B738B73CB730B744B74A4
:100DA0008B74CB740B754B758B75CB750B764B7643
:100DB0008B76CA764B778B774C7188720877CB77B6
:100DC00081F8203081F8213081F8223081F82330F9
:100DD00081F8252081F8263081F8273081F82830E5
:100DE00081F8293081F82A3081F82B3081F82C30B5
:100DF00081F82D2081F82F2081F8303081F83130B2
:100E000081F8323081F8333081F8343081F8353070
:100E1000C1F8373081F83B3081F83C3081F83D3003
:100E20000EE000BF9B0A0020410F00206E0F002043
:100E3000AD0F00207C1C00206F1000209C100020B3
:100E400081F83E3081F8247081F82E6081F83650A8
:100E5000FA490B704B708B70CB700B718B71CB712F
:100E60000B724A72CB720B734B738B73CB730B7415
:100E70004B748B74CB740B754B758B75CB750B7674
:100E80004B768B76CA764B778B77CB7781F8203091
:100E900081F8213081F8223081F823304C7188723A
:100EA000087781F8247081F825C081F8263081F810
:100EB000273081F8283081F8293081F82A3081F8EC
:100EC0002B3081F82C3081F82D2081F82F2081F8EB
:100ED000303081F8313081F8323081F8333081F8A8
:100EE000343081F83530C1F8373081F83B3081F843
:100EF0003C3081F83D3081F83E3081F82E6081F839
:100F00003650CF490B704B708B70CB700B718B715F
:100F10000B724A724C71CC718872CB720B734B732B
:100F20008B73CB730B744B748B74CB740B754B75C9
:100F30008B75CB750B764B768B76CA764A778B772B
:100F4000CB7781F8203081F8213081F8223081F888
:100F50002330C1F8253081F8293081F82A3081F812
:100F60002B3081F82C300E7781F82450B5490B7066
:100F70004B708B70CB700B714B710B724A72CB72D2
:100F80000B734B738B73CB730B744B748B74CB746D
:100F90000B754B758B75CB750B764B768B76CA764E
:100FA0004A778B77CB7781F8203081F821308C71AC
:100FB000CC7188720E7781F8223081F82330C1F825
:100FC000253081F8293081F82A3081F82B3081F8DA
:100FD0002C3081F824509C490B704B708B70CB7077
:100FE0000B718B71CB710B724A72CB720B734B739B
:100FF0008B73CB730B744B748B74CB740B754B75F9
:101000008B75CB750B764C7188724B768B76CA7666
:101010004B778B77CB7781F8203081F8213081F8BE
:10102000223081F8233081F8243081F8253081F88E
:10103000263081F8273081F8283081F8293081F86E
:101040002B3081F82C3081F82D2081F82F3081F859
:10105000303081F8313081F8323081F8333081F826
:10106000343081F8353081F8363081F8373081F806
:10107000383081F83930087781F82A4081F82E001D
:1010800081F83A3081F83B3081F83C3081F83D30CE
:1010900081F83E3081F83F2081F8412081F84230CC
:1010A00081F8433081F8443081F8453081F846308A
:1010B00081F84730C1F8493081F84D3081F84E3021
:1010C00081F84F3081F8503081F8406081F8485005
:1010D0005E490B704B708B70CB700B718B71CB7149
:1010E0000B724A72CB720B734C7188724B738B7399
:1010F000CB730B744B748B74CB740B754B758B75F6
:10110000CB750B764B768B76CA764B778B77CB7716
:1011100081F8203081F8213081F8223081F82330A5
:1011200081F8252081F8263081F8273081F8283091
:1011300081F8293081F82A3081F82B3081F82C3061
:1011400081F82D30087781F8247081F82E3081F8ED
:101150002F3081F8303081F8313081F8323081F829
:10116000343081F8353081F8362081F8383081F814
:10117000393081F83A3081F83B3081F83C3081F8E1
:101180003D3081F83E3081F83F3081F8403081F8C1
:10119000413081F8423081F8433081F8443081F8A1
:1011A000453081F8463081F8473081F8482081F891
:1011B0004A2081F84B3081F84C3081F84D3081F86D
:1011C0004E3081F8334081F8370081F8496081F86A
:1011D0004F3081F85030C1F8523081F8563081F8E4
:1011E000573081F8583081F8593081F851501849FA
:1011F0000B704B708B70CB700B718B71CB710B7252
:101200004A72CB720B734B738B73CB730B744B742F
:101210008B74CB740B754B758B75CB750B764C71D2
:1012200088724B768B76CA764B778B77CB7781F843
:10123000203081F8213081F822300BE0DB100020D3
:10124000410A0020DC1B0020D514002026150020B8
:101250008015002081F8233081F8263081F827306E
:1012600081F8283081F8293081F82A3081F82B3034
:1012700081F82C3081F82D3081F82E3081F82F3014
:1012800081F8303081F8313081F8323081F83430F3
:1012900081F8353081F8362081F8383081F83930DE
:1012A000087781F8247081F825C081F8334081F8EF
:1012B000370081F83A3081F83B3081F83C3081F8D2
:1012C0003D3081F83E3081F83F3081F8403081F880
:1012D000413081F8423081F8433081F8443081F860
:1012E000453081F8463081F8473081F8482081F850
:1012F0004A2081F84B3081F84C3081F84D3081F82C
:101300004E3081F84F3081F85030C1F8523081F8BA
:10131000563081F8573081F8583081F8593081F8CB
:10132000496081F85150FA490B704B708B70CB704B
:101330000B71CB710B724A72CB720B734B738B7345
:10134000CB730B744B748B74CB740B754B758B75A3
:10135000CB750B764B768B76CA764A778B77CB77C5
:1013600081F8203081F8213081F8223081F8233053
:10137000C1F825304C718C7188720E7781F8245039
:1013800081F8293081F82A3081F82B3081F82C300F
:10139000E0490B704B708B70CB700B714B71CB7144
:1013A0000B724A72CB720B734B738B73CB730B74D0
:1013B0004B748B74CB740B754B758B75CB750B762F
:1013C0004B768B76CA768C7188720E774A778B77DC
:1013D000CB7781F8203081F8213081F8223081F8F4
:1013E0002330C1F8253081F8293081F82A3081F87E
:1013F0002B3081F82C3081F82450C7490B704B708A
:101400008B70CB700B714B718B710B724A72CB72FC
:101410000B734B738B73CB730B744B748B74CF71D7
:101420008872CB740B754B758B75CB750B764B76C1
:101430008B76CA764A778B77CB7781F8203081F824
:10144000213081F8223081F82330C1F8253081F82D
:10145000293081F82A3081F82B3081F82C300E7732
:1014600081F82450AD490B704B708B70CB700B71B1
:101470004B718B710B724A72CF718872CB720B7386
:101480004B738B73CB730B744B748B74CB740B7566
:101490004B758B75CB750B764B768B76CA764B7707
:1014A0008B77CB7781F8203081F8213081F822309A
:1014B00081F8233081F8252081F8263081F8273003
:1014C00081F8283081F8293081F82A3081F81CE031
:1014D00081F8247081F82B3081F82C3081F82D2090
:1014E00081F82F2081F8303081F8313081F83230A6
:1014F00081F8333081F8343081F83530C1F8373035
:1015000081F83B3081F83C3081F83D3081F83E3045
:1015100081F82E6081F8365081490B704B708B70CA
:10152000CB700B714B718B710B724A72CB720B7358
:101530004B738B73CB73CF7188720B744B748B743A
:10154000CB740B754B758B75CB750B764B768B7699
:10155000CA764B778B77CB7781F8203081F82130B2
:1015600081F8223081F8233081F8263081F8273045
:1015700081F8283081F8293081F82A3081F82B3021
:1015800081F82C3081F82D2081F82F2081F830301F
:1015900081F81CE081F8247081F825C081F82E6064
:1015A00081F8313081F8323081F8333081F83430CD
:1015B00081F83530C1F8373081F83B3081F83C3064
:1015C00081F83D3081F83E3081F8365055490B7036
:1015D0004B708B70CB700B714A718A71CA710B7230
:1015E000C1F80A308B73CB730B744B744D724E4938
:1015F0000B704B708B70CB700B718B714F71CB710B
:101600000B724A72CB720B734B738B73CB730B746D
:101610004B748B74CB740B754B758B75CB750B76CC
:101620004B768B76CA764A778B77CB7781F82030EA
:1016300081F8213081F8223081F82330C1F825303B
:1016400081F8293081F82A3088720E7781F8245089
:1016500081F82B3081F82C3034490B704B708B7033
:10166000CB700B718B71CB710B724A72CB720B7397
:101670004B738B73CB730B744B748B74CB740B7574
:101680004B758B75CB750B764B768B76CA764B7715
:101690008B774F71887281F81CE0CB7781F820300E
:1016A00081F8213081F8223081F8233081F825201B
:1016B00081F8263081F8273081F8283081F82930E8
:1016C00081F82A3081F82B3081F82C3081F82D20D8
:1016D00081F82F2081F8303081F8313081F83230B4
:1016E00081F8333081F8343081F83530C1F8373043
:1016F00081F83B3081F83C3081F83D3081F83E3054
:1017000081F8247081F82E6081F8365010E000BF17
:101710006E0A0020A41B002046160020731600202D
:10172000B21600209B130020301700205D17002008
:10173000FA490B704B708B70CB700B718B71CB7146
:101740000B724A72CB720B734B738B73CB730B742C
:101750004B748B74CB740B754B758B75CB750B768B
:101760004B768B76CA764B778B77CB7781F82030A8
:1017700081F8213081F8223081F823304F7188724E
:1017800081F81CE081F8247081F825C081F82630AA
:1017900081F8273081F8283081F8293081F82A3003
:1017A00081F82B3081F82C3081F82D2081F82F2002
:1017B00081F8303081F8313081F8323081F83330BF
:1017C00081F8343081F83530C1F8373081F83B305A
:1017D00081F83C3081F83D3081F83E3081F82E6050
:1017E00081F83650CE490B704B708B70CB700B71FB
:1017F0008B710B724A724F71CF718872CB720B73FF
:101800004B738B73CB730B744B748B74CB740B75E2
:101810004B758B75CB750B764B768B76CA764A7784
:101820008B77CB7781F8203081F8213081F8223016
:1018300081F82330C1F8253081F8293081F82A3029
:1018400081F82B3081F82C300E7781F82450B5497F
:101850000B704B70C1F80A308B70CB700B714B71F1
:101860000B728B73CB730B744B7481F806C081F8C9
:1018700007C04D72AC490B704B708B70CB700B7105
:101880004B7181F8068081F807800B724A72CB7227
:101890000B734B738B73CB730B744B748B74887299
:1018A000CB740B754B758B75CB750B764B768B7636
:1018B000CA764A778B77CB7781F8203081F8213050
:1018C00081F8223081F82330C1F8253081F82930A1
:1018D00081F82A3081F82B3081F82C300E7781F88E
:1018E000245092490B704B708B70CB700B714B7105
:1018F00081F8068081F807800B724A728872CB7279
:101900000B734B738B73CB730B744B748B74CB74E3
:101910000B754B758B75CB750B764B768B76CA76C4
:101920004B778B77CB7781F8203081F8213081F8A5
:10193000223081F8233081F8252081F8263081F883
:10194000273081F8283081F8293081F82A3081F851
:101950001CE081F8247081F82B3081F82C3081F85C
:101960002D2081F82F2081F8303081F8313081F836
:10197000323081F8333081F8343081F83530C1F8B5
:10198000373081F83B3081F83C3081F83D3081F8C8
:101990003E3081F82E6081F83650654981F8068026
:1019A00081F807806FF02F080B704B708B70CB7035
:1019B0000B714B710B724A72CB720B734B738B733F
:1019C000CB7388720B744B748B74CB740B754B7523
:1019D0008B75CB750B764B768B76CA764B778B7780
:1019E000CB7781F8203081F8213081F8223081F8DE
:1019F000233081F8263081F8273081F8283081F8AB
:101A0000293081F82A3081F82B3081F82C3081F888
:101A10002D2081F82F2081F8303081F81CE081F8EA
:101A2000247081F825C081F82E6081F8313081F86A
:101A3000323081F8333081F8343081F83530C1F8F4
:101A4000373081F83B3081F83C3081F83D3081F807
:101A50003E3081F8365037490B704B708B70CB702D
:101A60000B714B718C710B72C1F80A308B73CB7395
:101A70000B744B74CC714D722F490B704B708B7083
:101A8000CB700B718B714F71CB710B724A72CB7231
:101A90000B734B738B73CB730B744B748B74CB7452
:101AA0000B754B758B75CB750B764B768B76CA7633
:101AB0004B778B77CB7781F8203081F8213081F814
:101AC000223081F8233081F8243081F8253081F8E4
:101AD000263081F82730887281F81CE081F82830A0
:101AE00081F8293081F82B3081F82C3081F82D20B5
:101AF00081F82F3081F8303081F8313081F8323080
:101B000081F8333081F8343081F8353081F836305F
:101B100081F8373081F8383010E000BF9C17002082
:101B20007B140020DE120020F01200201D13002084
:101B30005C130020601200201A18002081F8393050
:101B400081F83A3081F83B3081F83C3081F83D3003
:101B500081F83E3081F83F2081F8412081F8423001
:101B600081F8433081F8443081F8453081F84630BF
:101B700081F84730C1F8493081F82A7081F82E0089
:101B800081F8406081F8485081F84D3081F84E303E
:101B900081F84F3081F85030FA490B704B708B70E0
:101BA000CB700B718B71CB710B724A72CB720B7352
:101BB0004B738B73CB730B744B748B74CB740B752F
:101BC0004B758B75CB750B764B768B76CA764F71D2
:101BD000887281F81CE04B778B77CB7781F82030C7
:101BE00081F8213081F8223081F8233081F82520D6
:101BF00081F8263081F8273081F8283081F82930A3
:101C000081F82A3081F82B3081F82C3081F82D3082
:101C100081F82E3081F82F3081F8303081F8313062
:101C200081F8323081F8343081F8353081F836204F
:101C300081F8383081F8393081F83A3081F83B301A
:101C400081F83C3081F8247081F8337081F83700D6
:101C500081F83D3081F83E3081F83F3081F84030E6
:101C600081F8413081F8423081F8433081F84430C6
:101C700081F8453081F8463081F8473081F84820B6
:101C800081F84A2081F84B3081F84C3081F84D3092
:101C900081F84E3081F84F3081F85030C1F8523021
:101CA00081F8563081F8573081F8583081F8593032
:101CB00081F8496081F85150B3490B704B708B70BB
:101CC000CB700B718B714F71CB710B724A72CB72EF
:101CD0000B734B738B73CB730B744B748B74CB7410
:101CE0000B754B758B75CB750B764B768B76CA76F1
:101CF0004B778B77CB7781F8203081F8213081F8D2
:101D0000223081F8233081F8263081F8273088721C
:101D100081F81CE081F8247081F825C081F8283012
:101D200081F8293081F82A3081F82B3081F82C3065
:101D300081F82D3081F82E3081F82F3081F8303045
:101D400081F8313081F8323081F8343081F8353023
:101D500081F8362081F8383081F8393081F83A300E
:101D600081F83B3081F83C3081F83D3081F83E30DD
:101D700081F83F3081F8403081F8413081F84230BD
:101D800081F8433081F8443081F8453081F846309D
:101D900081F8473081F8482081F8337081F83700A6
:101DA00081F8496081F84A2081F84B3081F84C3045
:101DB00081F84D3081F84E3081F84F3081F8503045
:101DC000C1F8523081F8563081F8573081F85830D8
:101DD00081F8593081F851506C490B7081F80180BD
:101DE000CB7081F802C00B714B71CB710B72C1F8D3
:101DF0000A308B73CB730B744B748C714D726449C6
:101E000081F801804FF007080B70CB7081F802C099
:101E10000B71C1F80A304B718B71CB710B728B73E4
:101E2000CB730B744B744D725A490B704B708B70A3
:101E3000CB700B714B71CB710B724A72CB720B73FF
:101E40004B738B73CB730B744B748B74CB740B759C
:101E50004B758C7188728B75CB750B764B768B7648
:101E6000CA764A778B77CB7781F8203081F821309A
:101E700081F8223081F82330C1F8253081F82930EB
:101E800081F82A3081F82B3081F82C300E7781F8D8
:101E9000245041490B704B708B70CB700B714B71A0
:101EA000CB710B724A72CB720B738C7188724B734D
:101EB0008B73CB730B744B748B74CB740B754B752A
:101EC0008B75CB750B764B768B76CA764B778B778B
:101ED000CB7781F8203081F8213081F8223081F8E9
:101EE000233081F8252081F8263081F8273081F8C9
:101EF000283081F8293081F82A3081F82B3081F898
:101F00002C3081F82D2081F81CE081F8247081F8B4
:101F10002E6081F82F2081F8303081F8313081F83F
:101F2000323081F8333081F8343081F83530C1F8FF
:101F3000373081F83B3081F83C3081F83D3081F812
:101F40003E3081F8365015490B704B708B70CB705A
:101F50000B714B71CB710B724A72CB720B734B735B
:101F60008B73CB730B744B748B748C718872CB74C2
:101F70000B754B758B75CB750B764B768B76CA765E
:101F80004B770DE06B180020C51800202F0F0020A4
:101F90005D100020840E0020B10E0020F00E002005
:101FA0008B77CB7781F8203081F8213081F822308F
:101FB00081F8233081F8263081F8273081F82830E5
:101FC00081F8293081F82A3081F82B3081F82C30C3
:101FD00081F82D2081F82F2081F8303081F83130C0
:101FE00081F8323081F8333081F81CE081F82470B8
:101FF00081F825C081F82E6081F8343081F83530C1
:10200000C1F8373081F83B3081F83C3081F83D3001
:1020100081F83E3081F83650FA490B704B708B7066
:10202000CB700B718B710B724A72CB720B734B734B
:102030008B73CB730B744B748B74CB740B754B75A8
:102040008B75CB750B764C71CC7188724B768B7619
:10205000CA764A778B77CB7781F8203081F82130A8
:1020600081F8223081F82330C1F8253081F82930F9
:1020700081F82A3081F82B3081F82C300E7781F8E6
:102080002450E1490B704B708B70CB700B718B71CE
:102090000B724A72CB720B734B738B73CB734C7195
:1020A000CC7188720B744B748B74CB740B754B753D
:1020B0008B75CB750B764B768B76CA764B778B7799
:1020C000CB7781F8203081F8213081F8223081F8F7
:1020D000233081F8252081F8263081F8273081F8D7
:1020E000283081F8293081F82A3081F82B3081F8A6
:1020F0002C3081F82D2081F82F2081F8303081F8A4
:102100001CE081F8247081F82E6081F8313081F86C
:10211000323081F8333081F8343081F83530C1F80D
:10212000373081F83B3081F83C3081F83D3081F820
:102130003E3081F83650B5490B704B708B70CB70C8
:102140000B718B710B724A72CB720B734B738B7367
:10215000CB730B744B748B74CB740B754B754C71C8
:10216000CC7188728B75CB750B764B768B76CA7675
:102170004B778B77CB7781F8203081F8213081F84D
:10218000223081F8233081F8263081F8273081F819
:10219000283081F8293081F82A3081F82B3081F8F5
:1021A0002C3081F82D2081F82F2081F8303081F8F3
:1021B000313081F8323081F8333081F8343081F8B1
:1021C0003530C1F8373081F81CE081F8247081F88F
:1021D00025C081F82E6081F8365081F83B3081F8B7
:1021E0003C3081F83D3081F83E3089490B704B70AE
:1021F0008B70CB700B714B710B724A72CB720B737D
:102200004B738B73CB730B744B748B74CB740B75D8
:102210004B758B75CB750B764B768B76CA768C713E
:10222000CC7188720E774A778B77CB7781F8203024
:1022300081F8213081F8223081F82330C1F825302F
:1022400081F8293081F82A3081F82B3081F82C3040
:1022500081F824506F490B704B708B70CB700B71F1
:102260004B710B724A72CB720B734B738B73CB73C4
:102270000B744B748B748C71CC718872CB740B752E
:102280004B758B75CB750B764B768B76CA764B7709
:102290008B77CB7781F8203081F8213081F822309C
:1022A00081F8233081F8252081F8263081F8273005
:1022B00081F8283081F8293081F82A3081F82B30D4
:1022C00081F82C3081F82D2081F82F2081F83030D2
:1022D00081F8313081F8323081F8333081F81CE0F8
:1022E00081F8247081F82E6081F8343081F835301F
:1022F000C1F8373081F83B3081F83C3081F83D300F
:1023000081F83E3081F8365043490B704B708B702A
:10231000CB700B714B710B724A72CB720B734B7398
:102320008B73CB730B744B748B74CB740B754B75B5
:102330008B75CB750B768C71CC7188724B768B76E6
:10234000CA764B778B77CB7781F8203081F82130B4
:1023500081F8223081F8233081F8263081F8273047
:1023600081F8283081F8293081F82A3081F82B3023
:1023700081F82C3081F82D2081F82F2081F8303021
:1023800081F8313081F8323081F8333081F83430DF
:1023900081F83530C1F8373081F83B3081F83C3076
:1023A00081F81CE081F8247081F825C081F82E6046
:1023B00081F8365081F83D3081F83E3017490B7076
:1023C0004B708B70CB700B71CB710B724A72CB72EE
:1023D0000B734B738B73CB730B744B748B74CB7409
:1023E0000B754B758B75CB750B764B768B76CA76EA
:1023F0004A778B774C718C7188720E77CB7781F826
:1024000020300DE0440C0020710C0020B00C0020A6
:10241000D90D0020060E0020450E00202E0D0020B4
:1024200081F8213081F8223081F82330C1F825303D
:1024300081F8293081F82A3081F82B3081F82C304E
:1024400081F82450FA490B704B708B70CB700B7174
:10245000CB710B724A72CB720B734B738B73CB7352
:102460000B744B748B74CB740B754B754C718C71F6
:1024700088728B75CB750B764B768B76CA764B77DD
:102480008B77CB7781F8203081F8213081F82230AA
:1024900081F8233081F8252081F8263081F8273013
:1024A00081F8283081F8293081F82A3081F82B30E2
:1024B00081F82C3081F82D2081F82F2081F83030E0
:1024C00081F8313081F8323081F8333081F834309E
:1024D00081F83530C1F8373081F81CE081F824707C
:1024E00081F82E6081F8365081F83B3081F83C301D
:1024F00081F83D3081F83E30CE490B704B708B70C7
:10250000CB700B71CB710B724A72CB720B734B7326
:102510008B73CB730B744B748B74CB740B754B75C3
:102520008B75CB750B764B768B76CA764C718C712E
:10253000887281F81CE04B778B77CB7781F820305D
:1025400081F8213081F8223081F8233081F826305B
:1025500081F8273081F8283081F8293081F82A3035
:1025600081F82B3081F82C3081F82D2081F82F2034
:1025700081F8303081F8313081F8323081F83330F1
:1025800081F8343081F83530C1F8373081F83B308C
:1025900081F83C3081F83D3081F83E3081F824707C
:1025A00081F825C081F82E6081F83650A2490B7061
:1025B0004B708B70CB700B718B71CB710B724A723D
:1025C000CB720B734B738B73CB730B744B748B7419
:1025D000CB740B754B758B75CB750B764B768B76F9
:1025E000CA764B778B77CB7781F8203081F8213012
:1025F0004C71887281F81CE081F8223081F8233018
:1026000081F8263081F8273081F8283081F8293088
:1026100081F82A3081F82B3081F82C3081F82D2078
:1026200081F82F8081F8303081F8313081F83230F4
:1026300081F8333081F8343081F83530C1F83730E3
:1026400081F83B3081F83C3081F83D3081F83E30F4
:1026500081F8247081F825C081F82E9081F83650D9
:1026600076490B704B708B70CB700B714C718C7109
:10267000CC710B724A72CB720B734B738B73CB732F
:102680000B744B748B74CB740B754B758B75CB754E
:102690000B764B768B76CA764B778B77CB7781F838
:1026A000203081F8213081F8223081F8233081F800
:1026B000263081F82730887281F81CE081F8247078
:1026C00081F825C081F8283081F8293081F82A3036
:1026D00081F82B3081F82C3081F82D2081F82F8063
:1026E00081F8303081F8313081F8323081F8333080
:1026F00081F8343081F83530C1F8373081F83B301B
:1027000081F83C3081F83D3081F83E3081F82E90E0
:1027100081F836504A490B704B708B70CB700B713F
:102720004B718B710B724A720B73CC7181F80AA0DA
:1027300081F80BC04B738B73CB730B744B748B741E
:10274000CB740B754B758B75CB750B764B768B7687
:10275000CA7681F81D808B77CB7781F8203081F89D
:10276000213081F8223081F82330C1F8253081F8FA
:10277000293081F82A3081F82B3081F82C3081F80B
:102780001C9081F824502F490B704B708B70CB70CC
:102790000B718B71CB710B724A720B734B738B7312
:1027A000CB730B744B748B74CB740B754B758B752F
:1027B000CB750B764B768B76CA7681F81D808B773E
:1027C000CB7781F8203081F8213081F8223081F8F0
:1027D0002330C1F825304C7181F80AA081F80BC074
:1027E00081F81C9081F8245081F8293081F82A3032
:1027F00081F82B3081F82C3013490B704B708B70A3
:10280000CB700B718B710B724A720B734B738B73A2
:10281000CB730B744B748B74CB740B754B758B75BE
:10282000CB750B764B768B76CA764C71CC710DE0FE
:102830005B0D00209A0D00202A090020EF0C0020DB
:10284000A8140020191600204E14002081F80AA0B8
:1028500081F80BC081F81C9081F81D808B77CB77B5
:1028600081F8203081F8213081F8223081F823303E
:10287000C1F8253081F8293081F82A3081F82B30D1
:1028800081F82C3081F82450FA490B704B708B7012
:10289000CB700B718B710B724A72CB720B734B73D3
:1028A0008B73CB730B744B748B744C71CC718872BB
:1028B000CB740B754B758B75CB750B764B768B7616
:1028C000CA764B778B77CB7781F8203081F821302F
:1028D00081F8223081F8233081F8252081F82630D4
:1028E00081F8273081F8283081F8293081F82A30A2
:1028F00081F82B3081F82C3081F82D2081F82F8041
:1029000081F8303081F8313081F8323081F833305D
:1029100081F81CE081F8247081F82E9081F8343021
:1029200081F83530C1F8373081F83B3081F83C30E0
:1029300081F83D3081F83E3081F83650CE490B7039
:102940004B708B70CB700B718B710B724A72CB72A8
:102950000B734B738B73CB730B744B748B74CB7483
:102960000B754B758B75CB750B764C71CC71887272
:102970004B768B76CA764B778B77CB7781F8203086
:1029800081F8213081F8223081F8233081F8243019
:1029900081F8253081F8263081F8273081F82830F9
:1029A00081F82A3081F82B3081F82C3081F82D20E5
:1029B00081F82F3081F8303081F8313081F83230B1
:1029C00081F8333081F8343081F8353081F8363091
:1029D00081F8373081F8383081F8393081F81CE0DF
:1029E00081F8294081F82E0081F83A3081F8418041
:1029F0004FF02D0881F83B3081F83C3081F83D30B4
:102A000081F83E3081F83F2081F8423081F8433030
:102A100081F8443081F8453081F8463081F84730FC
:102A2000C1F8493081F84D3081F84E3081F84F308F
:102A300081F8503081F8409081F848508F490B70F0
:102A40004B708B70CB700B714B718B710B724A7228
:102A5000CB720B7381F8078088724B738B73CB73C7
:102A60000B744B748B74CB740B754B758B75CB756A
:102A70000B764B768B76CA764A778B77CB7781F855
:102A8000203081F8213081F8223081F82330C1F8DC
:102A9000253081F8293081F82A3081F82B3081F8EF
:102AA0002C300E7781F8245075490B704B708B7069
:102AB000CB700B71CB710B724A72CB720B734B7371
:102AC0008B73CB730B744B748B74CB740B754B750E
:102AD0008B75CB750B764B768B76CA764A778B7770
:102AE000CB7781F8203081F8213081F8223081F8CD
:102AF0002330C1F8253081F8058081F8068088727E
:102B00000E7781F8245081F8293081F82A3081F835
:102B10002B3081F82C305B490B704B708B70CB7075
:102B20000B718B71CB710B724A72CB720B734B733F
:102B30008B73CB730B744B748B74CB740B754B759D
:102B40008B75CB750B764B768B76CA7681F80580C4
:102B500088720E774A778B77CB7781F8203081F8AF
:102B6000213081F8223081F82330C1F8253081F8F6
:102B7000293081F82A3081F82B3081F82C3081F807
:102B8000245041490B704B708B70CB700B714B71A3
:102B90008B710B724A72CB720B734B738B73CB734B
:102BA0000B744B748B7481F807808872CB740B752F
:102BB0004B758B75CB750B764B768B76CA764B77D0
:102BC0008B77CB7781F8203081F8213081F8223063
:102BD00081F8233081F8252081F8263081F82730CC
:102BE00081F8283081F8293081F82A3081F82B309B
:102BF00081F82C3081F82D2081F82F2081F8303099
:102C000081F8313081F8323081F8333081F81CE0BE
:102C100081F8247081F82E6081F8343081F83530E5
:102C2000C1F8373081F83B3081F83C3081F83D30D5
:102C300081F83E3081F8365014490B704B708B7020
:102C4000CB700B71CB710B724A72CB720B734B73DF
:102C50008B73CB730B744B748B74CB740B754B757C
:102C60008B75CB750B7681F8058081F806808872AC
:102C70004B760DE09F120020FD1300207212002001
:102C8000D013002030100020F1160020DB170020A8
:102C90008B76CA764B778B77CB7781F8203081F8AB
:102CA000213081F8223081F8233081F8252081F805
:102CB000263081F8273081F8283081F8293081F8D2
:102CC0002A3081F82B3081F82C3081F82D2081F8C2
:102CD0002F2081F8303081F8313081F8323081F89E
:102CE000333081F8343081F83530C1F8373081F82D
:102CF0003B3081F83C3081F81CE081F8247081F889
:102D00002E6081F8365081F83D3081F83E30FB4925
:102D10000B704B708B70CB700B718B71CB710B7216
:102D20004A72CB720B734B738B73CB730B744B74F4
:102D30008B74CB740B754B758B75CB750B764B7693
:102D40008B76CA764B778B7781F80580887281F80D
:102D50001CE0CB7781F8203081F8213081F82230D7
:102D600081F8233081F8252081F8263081F827303A
:102D700081F8283081F8293081F82A3081F82B3009
:102D800081F82C3081F82D2081F82F2081F8303007
:102D900081F8313081F8323081F8333081F83430C5
:102DA00081F83530C1F8373081F83B3081F83C305C
:102DB00081F83D3081F83E3081F8247081F82E6032
:102DC00081F83650CE490B704B708B70CB700B7105
:102DD0008B71CB710B724A72CB720B734B738B730B
:102DE000CB730B744B748B74CB740B754B758B75E9
:102DF000CB750B764B768B76CA764B778B77CB770A
:102E000081F8203081F8213081F8223081F8233098
:102E10004C718872087781F8247081F8255081F808
:102E2000263081F8273081F8283081F8293081F860
:102E30002A3081F82B3081F82C3081F82D3081F840
:102E40002E3081F82F3081F8303081F8313081F820
:102E5000323081F8333081F8343081F8353081F800
:102E6000362081F8382081F8393081F83A3081F8FD
:102E70003B3081F83C3081F83D3081F83E300B64C6
:102E800081F8443081F8453081F8463081F8473088
:102E900081F8376081F83F509A490B704B708B7006
:102EA000CB700B718B71CB710B724A72CB720B733F
:102EB0004B738B73CB730B744B748B74CB740B751C
:102EC0004B758B75CB750B764B768B76CA764B77BD
:102ED0008B77CB7781F8203081F821304C71887264
:102EE000087781F8223081F8233081F8263081F884
:102EF000273081F8283081F8293081F82A3081F88C
:102F00002B3081F82C3081F82D3081F82E3081F86B
:102F10002F3081F8303081F8313081F8323081F84B
:102F2000333081F8343081F8353081F8362081F83B
:102F3000382081F8393081F83A3081F83B3081F817
:102F40003C3081F83D3081F83E300B6481F84430EC
:102F500081F8453081F8247081F825C081F8376008
:102F600081F83F5081F8463081F8473066490B7050
:102F70004B708B70CB700B718B71CB710B724A7273
:102F8000CB720B734B738B73CB730B744B748B744F
:102F9000CB740B754B758B75CB750B764B768B762F
:102FA000CA764B778B774C7188720877CB7781F82C
:102FB000203081F8213081F8223081F8233081F8E7
:102FC000252081F8263081F8273081F8283081F8D3
:102FD000293081F82A3081F82B3081F82C3081F8A3
:102FE0002D3081F82E3081F82F3081F8303081F883
:102FF000313081F8323081F8333081F8343081F863
:10300000353081F8362081F8382081F8393081F860
:103010003A3081F83B3081F83C3081F83D3081F81E
:103020003E300B6481F8247081F8376081F83F509E
:1030300081F8443081F8453081F8463081F84730D6
:1030400032490B704B708B70CB700B718B71CB71E5
:103050000B724A72CB720B734B738B73CB730B7403
:103060004B748B74CB740B754B758B75CB750B7662
:103070004B768B76CA764C71887208774B778B7754
:10308000CB7781F8203081F8213081F8223081F827
:10309000233081F8243081F8253081F8263081F8FA
:1030A000273081F8283081F8293081F82B3081F8D9
:1030B0002C3081F82D2081F82F3081F8303081F8C4
:1030C000313081F8323081F8333081F8343081F892
:1030D000353081F8363081F8373081F8383081F872
:1030E000393081F83A3081F83B3081F83C3081F852
:1030F0002A4081F82E0081F83D3009E0DA150020E1
:10310000220B0020DA0A002069090020A01C002000
:1031100081F83E3081F83F2081F8412081F842302B
:1031200081F8433081F8443081F8453081F84630E9
:1031300081F84730C1F8493081F84D3081F84E3080
:1031400081F84F3081F8503081F8406081F8485064
:10315000D9490B704B708B70CB700B714B71CB716D
:103160000B724A72CB720B734B738B73CB738C7174
:1031700088720B744B748B74CB740B754B758B7599
:10318000CB750B764B768B76CA764B778B77CB7776
:1031900081F8203081F8213081F8223081F8233005
:1031A00081F8252081F8263081F8273081F82830F1
:1031B00081F8293081F82A3081F82B3081F82C30C1
:1031C00081F82D3081F82E3081F82F3081F83030A1
:1031D000087781F8247081F8313081F8323081F835
:1031E000333081F8343081F8353081F8362081F879
:1031F000382081F8393081F83A3081F83B3081F855
:103200003C3081F83D3081F83E300B6481F8443029
:1032100081F8453081F8463081F8473081F83760D1
:1032200081F83F50A5490B704B708B70CB700B71C0
:103230004B71CB710B724A72CB720B738C718872AB
:103240004B738B73CB730B744B748B74CB740B7588
:103250004B758B75CB750B764B768B76CA764B7729
:103260008B77CB7781F8203081F8213081F82230BC
:1032700081F8233081F8263081F8273081F8283012
:1032800081F8293081F82A3081F82B3081F82C30F0
:1032900081F82D30087781F8247081F825C081F8F5
:1032A0002E3081F82F3081F8303081F8313081F8BC
:1032B000323081F8333081F8343081F8353081F89C
:1032C000362081F8382081F8393081F83A3081F899
:1032D0003B3081F83C3081F83D3081F83E300B6462
:1032E00081F8443081F8453081F8463081F8473024
:1032F00081F8376081F83F5071490B704B708B70CB
:10330000CB700B714B71CB710B724A728C718872DE
:10331000CB720B734B738B73CB730B744B748B74BB
:10332000CB740B754B758B75CB750B764B768B769B
:10333000CA764B778B77CB7781F8203081F82130B4
:1033400081F8223081F8233081F8263081F8273047
:1033500081F8283081F8293081F82A30087781F8FF
:10336000247081F8255081F82B3081F82C3081F8B9
:103370002D3081F82E3081F82F3081F8303081F8EF
:10338000313081F8323081F8333081F8343081F8CF
:10339000353081F8362081F8382081F8393081F8CD
:1033A0003A3081F83B3081F83C3081F83D3081F88B
:1033B0003E300B6481F8443081F8453081F8463066
:1033C00081F8473081F8376081F83F503D490B70F4
:1033D0004B708B70CB700B714B718C71CB710B720E
:1033E0004A72CB720B734B738B73CB730B744B742E
:1033F0008B74CB740B754B758B75CB750B764B76CD
:103400008B76CA764B778B77CB7781F8203081F833
:10341000213081F8223081F8233081F8263081F87C
:1034200027308872087781F8247081F8257081F838
:10343000283081F8293081F82A3081F82B3081F842
:103440002C3081F82D3081F82E3081F82F3081F822
:10345000303081F8313081F8323081F8333081F802
:10346000343081F8353081F8362081F8382081F801
:10347000393081F83A3081F83B3081F83C3081F8BE
:103480003D3081F83E300B6481F8443081F845309E
:1034900081F8463081F8473081F8376081F83F5035
:1034A00009220021084B013AC3E9001103F1080386
:1034B000F9D1BDE8F08700BFB1090020F90900206B
:1034C0006A0B0020B20B0020FC0B00200000000063
:1034D000034BD968DA8A0123103293408B6170471D
:1034E0006008002000000000000000000000000054
:1034F000064B5A8A996801239340054A0869184087
:1035000002D0013AFAD10120704700BF60080020C4
:10351000B882010000000000000000000000000070
:10352000034BDA68D98A01238B409361704700BF4F
:103530006008002000000000000000000000000003
:10354000034B5B6818739A68D207FCD5187B7047E9
:1035500060080020000000000000000000000000E3
:1035600070B50D460646FFF7B3FFFFF7C1FFC4B2C3
:1035700024B1FFF7D5FF4FF0010070BD46F0800089
:10358000FFF7DEFF064B00F0700083F820002046B6
:10359000FFF7D6FF2870FFF7C3FF2046EDE700BF17
:1035A0006008002000000000000000000000000093
:1035B00038B5FFF78DFF0546FFF79AFFC4B224B177
:1035C000FFF7AEFF4FF0010038BD2846FFF7B8FF08
:1035D000054D85F8200000F07000FFF7A1FF85F889
:1035E00020002046F0E700BF600800200000000037
:1035F00010B50D4C3620FFF7DBFFC0B210B14FF015
:10360000010010BD94F82030002BF3D13320FFF7D8
:10361000CFFFC0B20028F2D13D20FFF7C9FF94F8D8
:1036200020000028F8D1ECE760080020000000002E
:1036300070B50D460646FFF74BFFFFF759FFC4B2C2
:1036400024B1FFF76DFF4FF0010070BD3046FFF76A
:1036500077FF2846FFF774FFFFF762FF2046F4E785
:10366000F8B5044616461D46FDF79AF80323276869
:1036700048008340DA4327EA0303236002232768D4
:1036800083403B43236001238B40002E2FD166688B
:1036900026EA03036360E36885401340E360E36860
:1036A000072945EA0305E560A36802EA03024FF033
:1036B0000203A260A26803FA00F343EA02038ABF8E
:1036C000A1F108028A0092000729A3608CBF04239D
:1036D00000230F211C44236A914023EA0103236243
:1036E0009DF81830216A93400B432362F8BD666849
:1036F0003343CFE70000000000000000000000009E
:10370000036813B5B3F1804F1CD1604A516A41F090
:1037100001015162116B21F001011163126B1A68F2
:10372000016942F080021A60C2690139DA624269B5
:10373000012A0CBF07220622032968D8DFE801F01E
:103740005F899199524A934209D102F50D32516A2B
:1037500041F002015162116B21F00201DDE74D4A97
:10376000934209D102F50C32516A41F004015162D1
:10377000116B21F00401D0E7474A934209D102F5C9
:103780000A32516A41F010015162116B21F01001AF
:10379000C3E7424A934209D102F50932516A41F026
:1037A00020015162116B21F02001B6E73C4A93429F
:1037B0000BD102F59832116A41F004011162D16A0D
:1037C00021F00401D162D26AA9E7364A934209D1B5
:1037D00002F59632116A41F008011162D16A21F0B6
:1037E0000801EFE7304A934299D102F59432116A09
:1037F00041F010011162D16A21F01001E2E79969EC
:1038000041EA02129A611A6A42F001021A621A68C7
:1038100042F001021A601E4A934232D002F58062E1
:1038200093422ED002F5803293422CD002F5806272
:10383000934228D002F5806293420CBF03230123F8
:103840000093027E018900234068FFF709FF02B060
:1038500010BD996941EA02329A611A6A42F0100277
:10386000D4E7D96941EA0212DA611A6A42F4807235
:10387000CCE7D96941EA0232DA611A6A42F480522D
:10388000C4E70223DCE70323DAE700BF0038024085
:1038900000040040000800400010004000140040F8
:1038A00000080140000C0140001001400000000031
:1038B00040F2C313064A1168013B03D101230220E1
:1038C00013737047086840690006F5D500207047FB
:1038D0002021002000000000000000000000000087
:1038E000064B1A6840F2C313013B01D10220704716
:1038F000116849694907F7D5002070472021002049
:10390000F8B516461D46FCF783FE032304460768F8
:103910004A009340D84327EA030323600223276821
:1039200093403B43236001238B40002E2BD16668DC
:1039300026EA03036360E368072903EA0003E36000
:10394000E368E360A36800EA03004FF00203A060AD
:10395000A06803FA02F343EA0003A3608ABFA1F15F
:1039600008038B009B0007298CBF042200220F2133
:103970001444226A994022EA01022262226A9D408E
:1039800015432562F8BD66683343D3E700000000A5
:10399000002238B53B4B1C681A736568042301226A
:1039A00028462189FFF7ACFF0423012228466189BC
:1039B000FFF7A6FF2268344B9A424AD103F5F2334F
:1039C000596A41F400115962196B21F4001119630D
:1039D000196B996941F400119961996921F40011F9
:1039E00099619B694FF6C070284B5968536818401D
:1039F000274B994243D9274BB1FBF3F3202B28BF28
:103A00002023184380B25060106820F001000004A9
:103A1000000C10604FF4967043434FF47A70B3FB80
:103A2000F0F3192001339BB21362E3684343B1FB07
:103A3000F3F189B2012938BF012141F44041D1613C
:103A4000136843F001031360536843F40063536049
:103A500038BD114B9A42C5D103F5F033596A41F490
:103A600080015962196B21F480011963196B9969FE
:103A700041F480019961996921F48001B0E7022342
:103A8000BFE700BF20210020005400408C08002028
:103A90007F841E0040420F000058004000000000DC
:103AA000024B1B681B685A699B69704720210020E4
:103AB000034B1B681A68136843F4807313607047E4
:103AC0002021002000000000000000000000000095
:103AD00040F2C31310B5084A1068013B02D101201F
:103AE000107310BD01684C698969E407F5D5890731
:103AF000F3D00020F5E700BF2021002000000000E7
:103B000040F2C312064B1B681968013A4B6905D095
:103B100013F4806002D19B07F7D5704701207047EE
:103B20002021002000000000000000000000000034
:103B3000034B1B681A68136843F4007313607047E3
:103B40002021002000000000000000000000000014
:103B50001B4B10B51C681B4A236893421BD11A4BA0
:103B60009A6942F400129A619A6922F400129A61E9
:103B70009A695A6A22F400125A621A6B22F40012ED
:103B80001A631B6B21896068FCF772FD6189BDE8CF
:103B90001040FCF76DBD0D4A9342F3D10A4B9A6970
:103BA00042F480029A619A6922F480029A619A69C9
:103BB0005A6A22F480025A621A6B22F48002DFE70A
:103BC00020210020005400400038024000580040EE
:103BD00008B5FFF7BDFF0122074B9988186810311F
:103BE0008A40826100BF00BF00BF00BF998818688B
:103BF000BDE80840FCF73CBDD41B002000000000DD
:103C000010B54FF08044626A0E4992B28B69DB07AF
:103C100011D48B69DB0510D48B6913F4F05F14BFEA
:103C200001200020636A9B1A9BB2B3F5E17F06D2A4
:103C30000428EBD010BD0420F4E70F20F2E70220A7
:103C4000F8E700BF003C0240000000000000000058
:103C500038B500F1006404F5002423680D468B425A
:103C600002D14FF0000038BD0D4B5A68D2070AD57B
:103C70000C4ADA600C4ADA604FF480729A615A6832
:103C800022F480725A60FFF7BBFFC3B213B92560FC
:103C9000FFF7B6FF024A536843F001035360E2E7BF
:103CA000003C0240EFCDAB89050403020000000098
:103CB000134B30B5596DE9B181421ED0013911F86D
:103CC000014F10F8012BA4F14103192B8CBF23469F
:103CD00004F12003A2F1410598BFDBB2192D9CBF6E
:103CE0002032D2B29B1A01D1002CE8D1B3FA83F072
:103CF000400930BD4FF0FF33F8E70023F6E700BF7F
:103D00000C22002000000000000000000000000065
:103D10002DE9FF41984601AB00251F460E469DF850
:103D20002810B6FBF2F4B64602FB146C2646BCF132
:103D3000090F5FFA8CF494BF30343734E4B29645FF
:103D400005F1010503F8014BEBD22E4600F15804B2
:103D5000464509D3013D2046795DFCF729FEC0B2F6
:103D600038B9002DF6D105E02046FCF721FEC0B29F
:103D700018B10D2004B0BDE8F0810136E8E700007D
:103D80002DE9F04F0B46074614464FF00A0B85B05D
:103D900000F158051E4616F8011B29B9284605B042
:103DA000BDE8F04FFCF72CBE252903D02846FCF7D0
:103DB000FFFD3AE093F801904FF0000AB9F1300F9F
:103DC00014BF4FF020099E1C16F8011BA1F130030F
:103DD000DBB2092B03D92A2904D114F8043B0BFBCD
:103DE0000A3AF1E72E2909D116F8011BA1F1300397
:103DF000092BF9D92A2901D10434F5E7632940D0E8
:103E000017D841296CD003D82529CFD03346C1E734
:103E1000532939D05829F9D153461022CDF80090B2
:103E2000384654F8041BFFF773FFC0B20028EDD0EA
:103E3000B4E7732928D01DD8642901D06929E5D1B8
:103E4000A04658F8044B002C07DA2D212846FCF731
:103E5000AFFDC0B20028A1D1644253460A222146D8
:103E60003846CDF80090FFF753FFC0B2002895D137
:103E70004446CBE77529C9D153460A22CDF80090B4
:103E8000CEE714F8041B91E72368B3B14FF00008A4
:103E900013F8082072B9AAEB080803F1FF3ABAF147
:103EA000FF3F02D01AF8011F49B9B8F1000F0DDC2D
:103EB0000434ABE708F10108EAE79846EBE7284647
:103EC000FCF776FDC0B20028E9D067E749462846EE
:103ED000FCF76EFDC0B208F1FF380028E5D05DE7C1
:103EE0004FF000082368D4F80890029363685FFAE3
:103EF00089FA0393039B434501DC0C3486E7B8F150
:103F0000000F10D1029B102213F8081030233846FE
:103F100000930223FFF7FCFEC0B200287FF43EAFFF
:103F200008F10108E6E7B9F1000FEBD05146284649
:103F3000FCF73EFDC0B20028E4D02FE700000000EF
:103F400038B51546FCF764FB032349000268C9B283
:103F50008B4022EA03020260C2688D4022EA03031A
:103F6000C360C3681D43C56038BD00000000000089
:103F7000F8B51546FCF74CFB032304464A000068DD
:103F8000D2B2934020EA030020600120276800FAA3
:103F900002F63E4326606668884026EA00006060BC
:103FA00060688D4005436560E16821EA0301E160D6
:103FB000E168E160A16821EA0303A3600223A1682C
:103FC00093400B43A360F8BD000000000000000018
:103FD000827981880068FFF7CBBF000000000000F5
:103FE00010B5084C2046FFF7F3FF0123A188226893
:103FF0008B40936100BF00BF00BF00BFBDE8104011
:10400000FFF7C6BCD41B0020000000000000000029
:1040100070B5164604460D46FCF7EAFA33462946C3
:104020002046BDE87040014AFCF7F2B921080008BB
:1040300070B505460C4642F2107640F2E73000219A
:104040004FF47A72E4FB06010023FCF719F92A46C3
:10405000014605F13C00BDE87040FFF7D9BF000004
:10406000436DD0F8C820D3F8051070B591420446CE
:104070000AD00268D3F80150D66845B9B047636DDD
:10408000D3F80520C4F8C820093363652CE090F804
:10409000C82059798A4229D2013284F8C82094F87C
:1040A000C92099798A4224D2013284F8C92094F82F
:1040B000CA20D9798A421FD2013284F8CA2094F8E2
:1040C000CB201B7A9A421AD2013284F8CB202046A8
:1040D000D4F8C810B047606DD4F8C820D0F80530C7
:1040E0009A420FD109306065002043E0D7D9013AE8
:1040F000D3E7DCD9013AD8E7E1D9013ADDE7E6D9DF
:10410000013AE2E794F8C8504379D0F80120AB4275
:104110001CBF0435B2FBF5F5817994F8C9300CBFAA
:104120000025013599421BBF191DB2FBF1F1002199
:104130000131A94294F8CA3038BF2946C579007ABE
:104140009D421BBF0433B2FBF3F3002301339942BA
:1041500038BF194694F8CB3098421BBF0433B2FBEA
:10416000F3F2002201329142204638BF1146FFF798
:104170005FFF012070BD0000000000000000000093
:1041800008B5FCF7FDF8094B18B972B6084A5A622F
:10419000FEE70022027582681B6899689142FBD293
:1041A0005A68036042601060586008BD341F0020E8
:1041B000A08C0008000000000000000000000000CB
:1041C00008B5202383F31188FCF77AF8037D0021DA
:1041D000052B0BD8DFE803F0030A0A081B15FCF7D0
:1041E00087F881F3118808BD836919604FF0FF33A8
:1041F0008361FFF7C5FFFCF77BF8002383F3118889
:10420000F1E78169FCF7BCF88B6801338B60D0E97A
:10421000003213605A60E9E700000000000000006F
:104220001C4910B5FCF7ACF8D1F8AC40002C02DC0E
:104230004FF0020010BDFCF7A3F8013CD1F8943018
:10424000C1F8AC40046803F10802C1F894201C6076
:104250004068586001F190039A422CBF0B46D1F898
:104260009430C1F89430FCF78BF8D1F8A0300133CA
:10427000002BC1F8A0300ADCD1F89800064A036888
:10428000C1F898305A6000238361FFF779FF4FF03F
:104290000000CFE77020002008210020000000006F
:1042A00070B5FCF76DF8836C044613B13C30FCF735
:1042B0009FF904F1300504F10806636D1A78042AA9
:1042C000FDD8DFE802F0030A2838150023682046ED
:1042D0009B6898470128F0D170BDD3F801100933CD
:1042E00063650029E9D02046BDE87040FFF7A0BE15
:1042F000A26D013204BFD3F80120A265A26D2AB9D4
:104300004FF0FF320933A2656365D6E7236D013AAA
:104310006365A265D1E7D3F80130226D03EBC303D7
:104320001A4494F8613062651BB104F15C00FFF738
:1043300077FF0121D7E794F861301BB104F15C00ED
:10434000FFF76EFF626812B9C4E91422C4E7636B19
:10435000013A53F8041B6260AB4288BF3346636383
:104360004FF0FF3321656165A365A6E700000000FB
:10437000F8B5FCF705F8C36A044613B12030FCF722
:1043800037F904F1140504F10806A36B1A78042A1E
:10439000FDD8DFE802F0030A3748240023682046EE
:1043A0009B6898470128F0D1F8BDD3F80170073316
:1043B000A363002FE9D042F2107540F2E7300021EC
:1043C0004FF47A720023E7FB0501FBF759FF224601
:1043D0000146BDE8F84002F12000FFF719BEE26B8C
:1043E000013204BFD3F80120E263E26B2AB94FF037
:1043F000FF320733E263A363C7E7636B013AA3634A
:10440000E263C2E7D3F80130626BC3EBC3031A4423
:1044100094F84530A2631BB104F14000FFF700FFA0
:1044200022460A21D5E794F845301BB104F140003B
:10443000FFF7F6FE626812B9C4E90D22B4E7A3697A
:10444000013A53F8041B6260AB4288BF3346A36154
:104450004FF0FF336163A163E36396E70000000060
:10446000F8B5FBF78DFFC36A044613B12030FCF7A3
:10447000BFF804F1140504F10806A36B1A78042AA6
:10448000FDD8DFE802F0030A354423002368204604
:104490009B6898470128F0D1F8BD5F680833A36393
:1044A000002FEAD042F2107540F2E73000214FF4BD
:1044B0007A720023E7FB0501FBF7E2FE2246014684
:1044C000BDE8F84002F12000FFF7A2BDE26B013227
:1044D00004BF5A68E263E26B2AB94FF0FF32083337
:1044E000E263A363C9E7636B013AA363E263C4E7D2
:1044F0005A68636B03EBC203A36394F845301BB1A6
:1045000004F14000FFF78CFE22460A21D8E794F818
:1045100045301BB104F14000FFF782FE626812B91A
:10452000C4E90D22B8E7A369013A53F8041B62609D
:10453000AB4288BF3346A3614FF0FF336163A16391
:10454000E3639AE7000000000000000000000000A4
:1045500007B58169024649B9037F684600918DF825
:104560000530FFF75DFE03B05DF804FB043003B0D7
:104570005DF804EBFFF74CBD0000000000000000F8
:1045800013B500220446037F68468DF8053000927B
:10459000FFF746FE637F012B05D1204602B0BDE840
:1045A0001040FFF7D5BF02B010BD000000000000B2
:1045B000826A03460AB1836A1847406A18B15A6290
:1045C0008261FFF7DDBD70470000000000000000C1
:1045D0000148FFF7EDBF00BF6008002000000000A9
:1045E00008B50146FCF70CF9006920B100230B6106
:1045F0008361FFF7C5FDBDE80840FCF709B900007D
:1046000010B50D4CFBF7CCFE2169087520680368D6
:104610005C602360012320610375EFF309830A695D
:10462000243B9A4203D972B6044B6362FEE7BDE8AD
:104630001040FBF795BD00BF341F0020208100080B
:1046400030B50D4687B0FBF7ABFE013504460C4D87
:1046500012D02B690B4A01A8FBF7DAFE2046FFF7C0
:10466000CFFFFBF78DFE049B13B101A8FBF728FFDA
:104670002B69986907B030BDFFF7C2FFF8E700BFAC
:10468000341F0020C14100080000000000000000AD
:10469000034B1B69036098610320FFF7B1BF00BFA4
:1046A000341F002000000000000000000000000097
:1046B00038B5FBF775FE0023104D826829698361C8
:1046C0008B6804469A4203D8BDE83840FFF758BDCE
:1046D0000846FBF775FE012301462C612375EFF3B5
:1046E00009830269243B9A4203D972B6044B6B6278
:1046F000FEE72046BDE83840FBF732BD341F0020FE
:104700002081000800000000000000000000000000
:104710000C4B13B503F144020446196D0020FCF75D
:10472000D7F860B1002201A903F032FB019B1B788E
:104730001BB92060184602B010BD0E23FAE74FF0F7
:104740000100F8E70C22002000000000000000003B
:104750000C4B13B503F144020446196D0020FCF71D
:10476000B7F860B1002201A903F012FB019B1B788E
:104770001BB92060184602B010BD0E23FAE74FF0B7
:104780000100F8E70C2200200000000000000000FB
:104790000FB407B5054905AA05480192FFF7F0FADD
:1047A00003B05DF804EB04B0704700BF308100082F
:1047B0000C220020000000000000000000000000AB
:1047C0000EB403B503AA52F8041B04480192FFF784
:1047D000D7FA02B05DF804EB03B070470C2200205A
:1047E00001490248FFF7ECBF408100080C2200207D
:1047F000054BD3E90A210A4303D072B6034A5A6231
:10480000FEE70122DA627047341F00205081000861
:10481000202383F31188FFF7EBBF000000000000A6
:10482000202383F31188FFF7E3BF0000000000009E
:10483000054B9A6A12B9D96A002903DC72B6034A99
:104840005A62FEE7DA627047341F00206081000878
:104850002DE9F84391468846FFF7DAFFFBF790FD14
:10486000062804460FD84FF0010E2C4D0EFA00F624
:104870002B681E420CD00020FFF7DAFF002383F3E1
:104880001188BDE8F88372B6254B264A5A62FEE7C6
:1048900033432B60244B0134DA6945F8348042F00D
:1048A000807205EBC404C4F80490DA619A6A1F4F61
:1048B00042F080729A624FEA001C9B6A07EB00107C
:1048C000B8F1000F1AD069688368194214D1902496
:1048D000C37B03F1604202F5614282F8004303F0BA
:1048E0001F025B099B0003F160430EFA02F203F51D
:1048F0006143C3F880211A600E436E6007EB0C0120
:104900004B68497B1A6857F80C4022F00F021A6076
:104910000E228A40626000221A60ADE7302000203B
:10492000341F0020C08C000800380240E08C0008D2
:1049300008B5FFF76DFF20B972B6074B074A5A62F8
:10494000FEE701460820FFF77BFEFFF771FF00231B
:1049500083F3118808BD00BF341F0020908C00082D
:1049600080B501271C4E1D4C00212046B3681A4D0E
:1049700004F103082A68B5F804C0D2F810E007FA79
:104980000CFC1CEA0E0FA14614F8012B1AD0012AC8
:104990001ED0042A0CBF0322022204F8012CAA68AC
:1049A0009A4217D003B1984748460021AB68444566
:1049B00005F10C05DED103B198474FF43470FFF7D1
:1049C000B7FFD0E7023A012A8CBF01220422E4E7B4
:1049D0000322E2E70131EAE7681B00208C1B00207C
:1049E000112838B504468CBF39203620FEF7E0FD8B
:1049F00042F2107540F2E73000210023E4FB05018C
:104A00004FF47A72FBF73CFCBDE83840FFF790BFEB
:104A100038B50524094D013C14F0FF0403D10123EE
:104A200002202B7338BD2B681B68986910F00200B8
:104A3000F8D00A20FFF77CFFEDE700BF202100201F
:104A400008B5FFF7F5FE002383F3118808BD0000C9
:104A50000FB407B504AB53F8040B0193FFF7E0FE66
:104A60000146019A0448FFF78BF9FFF7E9FF03B00D
:104A70005DF804EB04B070470C2200200000000039
:104A800008B5054B28201968FFF7E2F8BDE8084093
:104A900002490348FFF7DCBF0808002070810008C6
:104AA0007F810008000000000000000000000000FE
:104AB00008B5094B1A68104420EAE070B0F5615F50
:104AC000A8BF4FF46150824204D01860FFF7D8FFAE
:104AD000092008BD1B20FCE708080020000000009A
:104AE00008B5054B2C201968FFF7B2F8BDE808405F
:104AF00002490348FFF7ACBF04080020908100087A
:104B00007F8100080000000000000000000000009D
:104B100045F2604108B5084B1A68101A20EAE070A7
:104B20008842A8BF0846824204D01860FFF7D8FF29
:104B3000092008BD1B20FCE704080020000000003D
:104B400008B5054B30201968FFF782F8BDE808402A
:104B500002490348FFF77CBF541C0020A0810008D5
:104B60007F8100080000000000000000000000003D
:104B700008B5054B34201979FFF76AF8BDE80840FD
:104B800002490348FFF764BF541C0020B0810008AD
:104B90007F8100080000000000000000000000000D
:104BA00038B5FFF735FFC5B225B11348FFF750FF01
:104BB000042038BDFEF7CCFFFEF7EAFE0F4B1B6862
:104BC0001C68656163695B0612D4FEF769FFFEF736
:104BD0006FFFFEF77DFFC0B260B9A0232361FEF72F
:104BE0008FFFC0B2002818BF1220FEF7A1FFE0E738
:104BF0002369E7E70120F8E7D081000820210020A1
:104C00001F4B1B7A372B2AD016D8172B29D00BD83D
:104C1000082B28D00D2B28D01A491B4A032B08BF7C
:104C200011461A48FFF714BF1D2B20D01549184A0A
:104C3000262B08BF1146F4E7C02B1AD007D8502BFB
:104C400019D01049134A862B08BF1146E9E7C52B36
:104C500013D00C49104ACD2B08BF1146E1E70F498C
:104C6000DFE70F49DDE70F49DBE70F49D9E70F49D8
:104C7000D7E70F49D5E70F49D3E70F49D1E700BF81
:104C8000281F00202A820008E081000830820008E6
:104C90000382000810820008168200080A820008B9
:104CA000F5810008E7810008EE810008FC8100081A
:104CB000238200081E8200081C82000800000000F9
:104CC0002DE9F74388468DF80700FFF7A1FEC0B233
:104CD000002840F08C80474C2668356868616B6915
:104CE0005B060CD4FEF7DCFEFEF7E2FEFEF7F0FEFC
:104CF000C0B230B10125284603B0BDE8F0832B696E
:104D0000EDE7A0232B61FEF7FBFEC0B210B1FEF76A
:104D10000FFFEFE7FEF7C4FEFEF7CAFDC0B20028A2
:104D2000E8D163680DF107025B680E27DA60B269AB
:104D300031481A6001225A60FFF772FD63685A68B1
:104D4000136843F001031360FFF7A2FCFFF778FE3E
:104D5000636859680A6822F00F020A601A685B7B70
:104D600007FA03F35360FEF7A3FDC0B20028C1D1D8
:104D7000FEF79EFEFEF7ACFEC0B20028BAD1A1231A
:104D8000D4F80090D9F800603361FEF7B9FEC5B2DF
:104D9000002DBCD13368184843F480633360FEF7BC
:104DA0007FFEA368D9F81C205B68C3F80C801A60EA
:104DB00004225A60736843F480537360FFF730FD38
:104DC000A3685A68136843F001031360FFF760FC9F
:104DD000FFF736FEA36859680A6822F00F020A60DE
:104DE0001A685B7B9F405760FEF7A2FE83E70425AD
:104DF00081E700BF202100203021002000000000BA
:104E00002DE9F347044642F2107540F2E7300021E5
:104E10004FF47A72E4FB05010023FBF731FA4FF0FF
:104E2000804306465F6A3446FEF7E2FB4FF40069B2
:104E3000494DDFF82881BFB23A20C5F81890FEF737
:104E4000B7FB3420FFF7ECFCFEF7B2FBD8F81020DC
:104E500084B9FFF7F5FD3620FEF7AAFB4FF000639B
:104E6000AB614FF080435C6AE41BA4B2A64270D9E8
:104E7000341BE1E73A4B214643F8242F936103208A
:104E8000FFF7DEFBFFF7DCFD0130E4D078200DF109
:104E90000701FEF765FBC0B20028DFD19DF907309E
:104EA000002BDBDAFEF714FBFEF722FBC0B210B1D9
:104EB000FEF736FBD2E7DFF8ACA0FF20FEF740FBA1
:104EC000082154460020FEF73BFB013911F0FF0199
:104ED0008DF807000AF8010BF4D10846FEF730FB05
:104EE00082460846FEF72CFBFEF71AFB0FFA8AF300
:104EF0007F2BC4BFAAF5807A0FFA8AF303EBD37332
:104F00005B104A3BE3714FF00063AB61164BD4F882
:104F100000C01868034653F8042BD10001F1040EB9
:104F200086449E450AD84318C3F804C06168222A03
:104F300098BF0132996098BF026092E7D3F800A051
:104F4000E24504D1C3F800C062685A6089E70833BB
:104F5000E7E702B0BDE8F08700040240341F0020FC
:104F6000600800208F1B00200008002000000000C7
:104F700083B59B4E9B4F9C4D6A68A2F10903012BA0
:104F800001D8002034E0994C2B6823600023237162
:104F90006371A371E3710F2AF3D801A151F822F0D4
:104FA000E14F0008EB4F0008655000086F50000803
:104FB00073500008A7500008AF500008BB5000080D
:104FC000C1500008834F0008834F0008834F00083A
:104FD000C9500008DB500008EB500008F7500008EB
:104FE000A37943F01003A3713FE0012063712071A6
:104FF0006B680F2B00F2AD807D4A12F80380002809
:1050000040F0AC80B8F1000F78D13920FEF7D0FA2B
:105010004FF40760FFF78CFC764B297A1A788A42A6
:1050200003D03E201970FEF703FB734A1368013367
:10503000032B13609FD900201060FFF7F1FB0B23B7
:105040006E4A6F4914688DF805306E4B00948C429F
:1050500018BF0B46186068461360FFF7E1F8FFF7CA
:10506000EFFC88E70222227163710120C0E703226E
:10507000F9E7DFF8948198F80300002881D0FFF762
:10508000CFFB98F802301BB1A37943F00203A37160
:10509000B8F9003023B1A380A37943F00103A371D1
:1050A000FFF7CEFCA4E74FF0FF332371DCE76FF08E
:1050B000010323714FF0FF33D6E76FF00203F8E7E7
:1050C000A37943F004038EE7FBF74AFB033801287A
:1050D000CBD8A37943F0080385E74FF0FF33237162
:1050E0006371A37943F002037DE76FF0010323713D
:1050F0004FF0FF33F4E76FF00203F8E7D820FFF733
:105100007FFE3920FEF754FA41F6501082E7FFF790
:1051100067FC3EE07F20FEF713FA0821DFF8CCA001
:105120001AF8010B0139FEF70BFA11F0FF01F7D164
:1051300043E0A4EB840404F1D500B8F1000F05D0DE
:10514000B9F1000F02D1FFF75BFE42E0FFF748FC28
:105150003FE000283FF459AF4FF000084FF000093E
:1051600043F23904294B1A6807FB02441C604823A8
:1051700024F00044B4FBF3F203FB12444CB104EB03
:105180004400B8F1000FC2D0B9F1000FBFD1FFF752
:1051900037FE4FF48063B361FEF72AFA3520FEF73D
:1051A00007FAFFF73DFB0022194B9A62FEF790F9D0
:1051B000FEF79EF9C0B20028ACD01648FEF7B0F951
:1051C000FFF766FAFFF73CFC4FF08063472CB361B2
:1051D000AFD109F10109B9F1040FC1D11CE700BF3A
:1051E000000402406D4EC641281F0020971B00207E
:1051F000E08800085C1C00201C1100200008002032
:1052000020190020441A0020F21C0020981E0020C3
:10521000600800208408002000000000000000005A
:1052200010B504461148FFF7FBFA436B6BB94FF01A
:10523000FF324360C369C0E90D44C2638361FFF775
:105240000FF9BDE81040FFF7FBBB4268032AF8D80E
:10525000C36900F1080143F8044B00F11404A342B0
:1052600088BF0B460132C3614260EAE7CC230020CD
:1052700010B5FFF7D5FA4FF0FF3304460648C36375
:1052800000234360C369C0E90D448361FFF770F8F0
:10529000BDE81040FFF7D4BBC01E00200000000096
:1052A00010B504461148FFF7BBFA036D73B96CB132
:1052B0004FF0FF324360836BC0E91444826543635F
:1052C000FEF7EEFFBDE81040FFF7BABB42680A2ABE
:1052D000F8D8836B064943F8044BA1F128048B42AC
:1052E00088BF2346013283634260EBE7342100200C
:1052F0006421002000000000000000000000000009
:105300000E4A137923B91368002BD4BF002301235D
:1053100042F27E510A4A12688A4206DD09480A4A68
:10532000002B08BF1046FFF7BBBFB2F5965FA7BFC3
:105330000648074A0748084AF2E700BF541C002005
:1053400008080020F116002072120020DB17002050
:10535000D0130020DA1500203010002000000000DB
:1053600038B500234FF461511C4A13601C4A116088
:1053700045F260411B4A116019461B4A13601371C4
:105380001A4A138053801A4AC2E90033C2E9023331
:10539000C2E904339361174A42F833100133092BF1
:1053A000FAD1154B0C2059680023144C00FB03F272
:1053B0001559A94209D1144461681148FFF748FB07
:1053C000A068BDE83840FFF76BBF01330F2BEDD16C
:1053D0000C48BDE83840FFF73BBB00BFA01B0020D6
:1053E0000808002004080020541C0020F21C0020A3
:1053F000601C0020FC0B0020281F002040890008B2
:10540000408200084D8200080000000000000000FB
:10541000F8B5374D00262C46A279A188013654F8FC
:10542000080BFEF78DFD082EF6D100240127264635
:105430002868A988036907FA01F21A4204BF07FA2B
:1054400006F3234306F1010608BFDCB2FBF710F9AF
:10545000082E05F10805EBD1264D2B68A3421CD080
:1054600021462548FFF7F4FA04F00F030B2B8CBFFD
:10547000C023224A224898BFD35C224A2C60137270
:105480000023210950F82340A14208D003332D2BDB
:10549000F8D11D48FFF7DCFA25E01B2026E051601B
:1054A000FFF75EFF194B1A499A6A45F2B960B2F5E7
:1054B000615F88BF4FF461520A6045F26041DA6A69
:1054C00002F25924844288BF0A4612490A601A6BC4
:1054D0001149B2F5E15F88BF00220A605B6B012BC6
:1054E00000D000230B71FFF78BFB0920F8BD00BF34
:1054F000B40800200C08002060820008808B00089F
:1055000040890008281F00206E820008000008085B
:105510000808002004080020541C0020000000009F
:1055200010B50B4C6060FFF71BFFFFF7A9FAFFF700
:10553000D7FAFFF705FBFFF71BFB61682420FEF796
:1055400087FBBDE8104003490348FFF781BA00BF5D
:10555000281F0020908200087F81000800000000C2
:1055600010B5194C014620723620FEF771FB174921
:105570001748FFF76DFAFFF743FB237A862B1DD000
:105580000BD8372B18D004D81D2B0ED0262B11D0BA
:1055900010BD502BFCD10F4808E0C52B12D0CD2BED
:1055A0000ED0C02BF4D10C4800E00C48BDE81040F0
:1055B000FFF776BE0A48F9E70A48F7E70A48F5E731
:1055C0000A48F3E70A48F1E7281F0020A0820008F4
:1055D0007F810008A01C0020B20B0020220B0020BD
:1055E000DA0A002069090020B1090020F909002029
:1055F0006A0B002000000000000000000000000016
:1056000008B50548FFF724FA0448FFF749FEBDE84E
:1056100008400348FFF72CBEB08200082A0900208A
:10562000108B0008000000000000000000000000D7
:1056300010B504468548FFF70BFA631E1A2B00F2DB
:10564000F980DFE813F01B002A00420053006A00D3
:105650007F008A00910096009B00A000A500AA0090
:10566000AF00B400B900BE00C300C800CD00D40034
:10567000D900DE00E300E800ED00F2007448FFF717
:105680000FFE7448FFF7E4F9FFF76AFEFFF7F8F939
:10569000FFF726FAFFF754FA39E06F48FFF700FEEC
:1056A0006E48FFF7D5F96E4B5B68092B02D00C2BC7
:1056B00006D07BBB4FF49660FFF7FAF96948C1E06A
:1056C0004FF49660FFF724FAF8E76748FFF7E8FD24
:1056D0006648FFF7BDF9624B5B68092B02D00C2BC3
:1056E00002D0BBB96248E7E76148EBE76148FFF7E2
:1056F000AFF95B4B5A680C2A0CD85F4B1341DA07A1
:1057000008D45E48FFF7CCFD01225D4B1A71FFF70C
:105710002FFAD3E7FFF774FFD0E75A48FFF798F95D
:105720004F4B5A680C2AF5D8534B1341DB07F1D481
:105730005548FFF7B5FD4FF46162514B1A60FFF712
:10574000FFF9BBE75148FFF7ABFD5148FFF780F980
:1057500000224B4B1A711A609CE74E48FFF778F90C
:105760000920FFF7DDFEA9E74B48FFF771F900209C
:10577000F7E74A48FFF76CF90C20F2E74848FFF7D3
:1057800067F90A20EDE74748FFF762F90120E8E7EB
:105790004548FFF75DF90220E3E74448FFF758F971
:1057A0000320DEE74248FFF753F90520D9E74148D7
:1057B000FFF74EF90620D4E73F48FFF749F90720E5
:1057C000CFE73E48FFF744F90D20CAE73C48FFF712
:1057D0003FF90E20C5E73B48FFF73AF90F20C0E735
:1057E0003948FFF735F91D20FFF7BAFE66E737485D
:1057F000FFF72EF92620F7E73548FFF729F937207C
:10580000F2E73448FFF724F95020EDE73248FFF77C
:105810001FF98620E8E73148FFF71AF9CD20E3E7C2
:105820002F48FFF715F9C520DEE72E48FFF710F9DE
:10583000C020D9E721462C48FFF70AF92B48FFF78B
:105840002FFD2B48BDE81040FFF712BDCB850008A7
:10585000EF0C0020C0820008A8140020C7820008B6
:10586000281F0020A08A000819160020CE820008F8
:1058700050FBFFFFD6820008FEEDFFFF4E14002014
:10588000541C0020E28200089F120020FD1300201B
:10589000EC820008F88200080B8300081E830008D1
:1058A0002E8300083D8300085283000867830008A8
:1058B0007C83000892830008A8830008BE83000848
:1058C000D9830008F48300080F84000821840008AD
:1058D0003384000844840008558400086684000866
:1058E00077840008898400089B8400082A09002026
:1058F000108B000800000000000000000000000005
:1059000010B50D4C236820691A685460226001228A
:105910001A752361FAF754FD0146EFF30983026912
:10592000243B9A4203D972B6044B6362FEE72069B6
:10593000BDE81040FAF714BC341F00202081000895
:1059400008B5FAF72DFDFAF71BFD064B1A681B691F
:1059500092689B689A4203D9BDE80840FFF7D0BF20
:1059600008BD00BF341F0020000000000000000040
:1059700010B5FEF755FFFEF753FC0446FFF7E0FFB6
:10598000FFF75EF8204610BD000000000000000098
:105990002DE9F34106460C4600254FF002084FF46E
:1059A0001067EBB2A34202D302B0BDE8F081F25C13
:1059B000032A09D100220092684601978DF8013030
:1059C000FFF7D6FF0135ECE7042AFBD1CDF80080C4
:1059D000F2E70000000000000000000000000000EE
:1059E00008B5FEF715FF044B1B6998610F20BDE851
:1059F0000840FEF705BE00BF341F00200000000075
:105A0000EFF30983203383F30988002383F311889C
:105A100070470000000000000000000000000000CF
:105A200070470000000000000000000000000000BF
:105A300070470000000000000000000000000000AF
:105A4000704700000000000000000000000000009F
:105A5000FEE7000000000000000000000000000061
:105A6000F0B5082000261049D1E901341D460A6826
:105A7000043AAC4210D8E21CD21ADD1E22F0030216
:105A8000AC4238BF00221344CA689A4209D8013890
:105A900001F11001E8D1F0BD52F8047F45F8047B14
:105AA000E7E743F8046BF0E7508D000800000000C2
:105AB00008B50548FAF734FCFAF77AFDFAF748FC1E
:105AC000BDE80840FAF744BDE08C00080000000083
:105AD00008B50548FAF724FCFAF76AFDFAF738FC2E
:105AE000BDE80840FAF734BDF08C00080000000063
:105AF00008B50548FAF714FCFAF75AFDFAF728FC3E
:105B0000BDE80840FAF724BD008D00080000000041
:105B100008B50548FAF704FCFAF74AFDFAF718FC4D
:105B2000BDE80840FAF714BD108D00080000000021
:105B300008B50548FAF7F4FBFAF73AFDFAF708FC5E
:105B4000BDE80840FAF704BD208D00080000000001
:105B500008B50548FAF7E4FBFAF72AFDFAF7F8FB6F
:105B6000BDE80840FAF7F4BC308D000800000000E2
:105B700008B50548FAF7D4FBFAF71AFDFAF7E8FB7F
:105B8000BDE80840FAF7E4BC408D000800000000C2
:105B90004FF080522DE98048BB4B9BB05A62A3F571
:105BA000E4335A68D706FCD41A6842F4C0521A602B
:105BB0005C6814F01004FBD1B34A4FF48030536892
:105BC0004FF4802523F4604343F4404353604FF483
:105BD0000033CDE91203AD4BAD4ECDE91453AD4BBF
:105BE000AD4ACDE91663AD4B1068516818930BAB05
:105BF00003C3127A19941A70A94B0EAD1F4603F114
:105C000010062A4618685968083303C2B34215467D
:105C1000F7D17168386909AB03C39B498B68C3F33B
:105C20008103022B00F08483032B00F06B83012B94
:105C300000F080834B681AAAC3F3423302EB83035C
:105C400053F8202C904BDFF85C929968964EC1F384
:105C500003116831694411F8301CCA40C9F80020AA
:105C600099689868C1F30221C0F3C2206831683096
:105C70006944684410F8440C11F8441C22FA01F1FC
:105C8000C240C9F80410C9F808201A6942F07F42DE
:105C900042F47F0242F4FF4242F040021A611A6964
:105CA00022F4FF4222F040021204120C1A611A6917
:105CB0009A6962F080529A619A6902F080529A6100
:105CC0009A695A694FF0FF325A615A6900225A6143
:105CD0005869586A40F080505862186B40F0805004
:105CE000186310461B6B714BC3E9002206EB840559
:105CF0006D682A6003EB440504341C2CAA60F5D1BE
:105D00004FF0FF346A4B80265C60A3F520535D6A38
:105D100045F001055D621D6B45F001051D63654D94
:105D20001B6BAB6843F00103AB6042F21073B1FB35
:105D3000F3F14FF08043214499624FF6FF71D9622D
:105D400001214FF080559A615A63DA605A605961B7
:105D50001960594B83F81C63C3F880511D60574D7F
:105D600005F11403C5E9053305F130032B61544BEC
:105D7000C5E90A222B64534BAA60EC61AE63A5F817
:105D800044102A84C5E90055D9684F4A21F4E061DE
:105D90000904090C0A43DA60D3F8FC204B4942F0AD
:105DA0008072C3F8FC200A6842F001020A601022E7
:105DB000DA77202283F8222080F3118862B6444BE0
:105DC000B0271C465522013F03F8012BFBD1FEF7FB
:105DD0001FFDFAF7D5FA3F4B3F48C4E91B373F4B4D
:105DE000C4F89C00C4F88C300123C4F89830022316
:105DF000C4F8A040A4F8A4302430FEF759FCFEF704
:105E000017FD87F31188364CDFF8D88004F1A4031E
:105E1000C4E929331223C4F8AC3004F19803C4E96F
:105E200026330723D8F86060C4E92444B189C4F854
:105E3000A07000933A463B46B068FDF711FC7368CA
:105E4000294A934240F0788202F58032116A41F487
:105E500080411162D16A21F48041D162D26AD9F8BD
:105E6000082031684FF0000AB2FBF1F29A601F4936
:105E70001F4AB069C3F810A0FEF7EAFCD8F86060CA
:105E80004368726836E000BF003802409CFF07009C
:105E9000C0FD0F0068FF1F0087870008D0FE3F008D
:105EA000A08000088C080020E08C00083020002032
:105EB00000600240002004E000E100E0341F002008
:105EC0000004002000ED00E00003FA05001000E0EF
:105ED000801F002001040008EC1F00207101000851
:105EE000702000200C2200200038014061090008C9
:105EF00064220020C8F85800111D9960316A1960A9
:105F000001230C2188F86C31D160C0215161072236
:105F1000B18A009230691A46FDF7A2FB52465146FB
:105F2000F069FEF795FCD8F8601043684A68C8F835
:105F30005C00101D9860BF4840F2D24ED8604020EF
:105F40006FF00206496A586019601968DFF8E8C204
:105F500041F001011960D368B84843F40053D3609D
:105F6000B74BB8491A6D12925A6D13925B6E12AA12
:105F7000149352F8043B01360CFB03F34FEA7343CE
:105F800000FB03F383EA0E034FEAF34303EB8303BF
:105F900003EB010EEDD18EF00C03AB4A83EA1E43F6
:105FA0005343AA4A83EA53335343A94A83EA134328
:105FB0001360A849A84AA948FEF74AFDD9E900029A
:105FC000A749D9F80830B2FBF1F2B3FBF1F3B0FB0B
:105FD000F1F1A448FEF73CFD994ADFF88C82D2E942
:105FE0001431526E0B441344A04A08F1CC001360E4
:105FF000FDF7EEFF08F16400FDF782FBD8F8C4A0BE
:1060000008F164005146FAF71BFC08F18400FDF723
:1060100077FB514608F18400FAF712FC08F1A4005E
:10602000FDF76EFB514608F1A400FAF709FC314672
:1060300040461296FAF76CFB8D488E4EFDF760FBDA
:106040008D48FDF75DFB8D48FDF7C2FFFDF780FD34
:10605000FDF79EFC3368324689491869D3F8008001
:10606000FEF7F6FB33688649324670605869FEF7E2
:10607000EFFB7368B0605A6808F1100393604268E0
:10608000804E93608048FEF7CBFBFEF761FA304606
:10609000FEF7D6FCFAF784FB3368DFF8F0A123F4AF
:1060A00040133360336843F480133360736823F420
:1060B0008063736073687360F36823F44013F36064
:1060C000F368F360B36823F44013B360B36843F438
:1060D0000013B360FAF764FB3368DAF8048023F442
:1060E00040033360336843F480033360736823F400
:1060F0000063736073687360F36823F44003F360B4
:10610000F368F360B36823F44003B360B36843F407
:106110000003B3605E4B984500F02C81A3F57843F3
:1061200098450CBF4FF0050B4FF0060B0022BAF854
:106130001610DAF80C00FDF71BFFDAF808005B46D2
:106140000022BAF810100690FDF7DAFB5B46002239
:10615000BAF812100698FDF7D3FB5B460022BAF896
:1061600014100698FDF7CCFBBAF81C10DAF81800EA
:106170009AF81E200691FDF7E3FE4FF00F0E454BF7
:1061800006991A6AB04242F001021A62DA6A22F0F3
:106190000102DA62DB6A01F47F7303F1804303F5E5
:1061A000803301F00302D3F808C04FEA82020EFAEE
:1061B00002FE2CEA0E0CC3F808C040F0DE8001207D
:1061C0009E6800FA02F232439A600122324B8A4002
:1061D000196811431960596821EA020159609968E8
:1061E00021EA02019960D9681143D9605A61FDF72B
:1061F00097F9274B984540F0D98003F584331A6A04
:1062000042F480521A62DA6A22F48052DA62DB6A5D
:106210004FF44173C8F800301D4B98450CBFD9F8B6
:106220000820D9F804201D4BB2FBF3F3802B00F3B8
:10623000CD8035E08C230020512D9ECC9335871BDB
:106240000000F81F646B54E66BCAEB8535AEB2C232
:10625000281F0020CF840008C1840008E1840008C2
:1062600040420F00F584000834210020981E0020D1
:106270001424002020210020081F0020D41B00200F
:10628000E145000800040240A01E00206008002034
:10629000003001400038024000040140A02E63009D
:1062A000402B00F39580202B00F39480102B00F3FB
:1062B0009380082B00F39280042B00F39180022B33
:1062C000D4BF00230123D8F80020302042EAC303C2
:1062D000C8F800300023C8F80430D8F8003043F084
:1062E0004003C8F80030FDF763F9C0B2002879D048
:1062F000514B52485A68136823F040031360FEF76D
:10630000A7FB8AE08B684E48C3F3834368336B4432
:1063100013F83C2C8B688968C3F3815311F4803FD8
:10632000484918BF01464A430133B2FBF3F289E4FE
:10633000434A87E4434A85E4434A93420DD102F538
:10634000FA32516A41F400315162116B21F400318B
:106350001163126BD9F8042083E53C4A9342F9D1CA
:1063600002F5F832516A41F480215162116B21F437
:106370008021EDE74FF0050BD8E6354EB04202D153
:1063800002209E681DE7334EB04202D103209E6872
:1063900017E7314EB04202D104209E6811E72F4E1C
:1063A000B0427FF412AF07209E680AE72C4B984555
:1063B0007FF42EAF03F500335A6A42F480425A62EA
:1063C0001A6B22F480421A631B6B21E707237AE7DA
:1063D000062378E7052376E7042374E7032372E7AF
:1063E000022370E707210620FDF722F9C3B20BB1A3
:1063F0001C4884E78DF8480012A90620FDF7B0F884
:106400005FFA80F8B8F1000F13D19DF84860072EAD
:1064100032D031461448FEF71BFBFEF701FA4FF06D
:10642000FF3312488365124BC0E9143300234360E5
:10643000CFE0104863E700BF600800202485000813
:10644000001BB7000024F400004400400048004056
:1064500000080240000C02400010024000140240FC
:1064600000380040318500083C85000834210020B8
:10647000F4080020518500083A20FDF799F8202102
:106480000D20FDF7D5F825210E20FDF7D1F8ED21DF
:106490000F20FDF7CDF8A0211320FDF7C9F8E62164
:1064A0001420FDF7C5F808211820FDF7C1F8314682
:1064B0000320FDF7BDF83F214046FDF7B9F806215E
:1064C0000220FDF7B5F80C213046FDF7B1F8442164
:1064D0000820FDF7ADF850213E20FDF7A9F8314620
:1064E0001620C14EFDF7A4F830211720FDF7A0F8C3
:1064F000B38B092B00F2F180042B00F2F0800633FD
:106500009BB2702103F1604202F5614282F80013F0
:10651000012203F01F015B099B0003F160438A40E5
:1065200003F56143B148C3F880211A60FEF790FA81
:1065300008210620FDF77CF896F82010002940F08D
:10654000D0800A20FDF774F8A94B3E20197AFDF798
:106550006FF896F82030002B40F0C7801E46DFF819
:10656000948298F80110013618F8020BFDF760F8D4
:10657000142EF6D1A04B4FF4D0781E465522B8F118
:10658000010803F8012BFAD1FEF742F99B4B9C4816
:10659000C6E957389B4BC6F88C01C6F87C31FF23FF
:1065A000C6F888310223C6F89061A6F894312430E9
:1065B000FEF77EF8FEF73CF988F31188FEF730F914
:1065C0004FF0FF3390488365904BC0F80480C0E9DA
:1065D0001433836B4FF000094363FDF761FE42F211
:1065E0006070FEF72DFAFEF7A3F9FEF711FF884859
:1065F000FEF716F9FDF7ACFF8648FEF721FAFEF725
:106600000FF9FDF7A5FFFEF71BFA834EDFF80C82AA
:10661000B279B188013756F80C0BFDF791FC032FC6
:1066200008F8019BF4D17E4B4FF490771E4655221B
:10663000013F03F8012BFBD1FEF7EAF8794B7A48CA
:10664000C6E937376F4BC6F80C01C6F8FC3080231B
:10665000C6F808310223C6F81061A6F814312430B8
:10666000FEF726F8FEF7E4F887F31188DFF8BCB1EF
:106670000023CDE90E33FEF7D3F8F9F791FED4F8F5
:10668000A030013B002BC4F8A03032DBD4F89020BE
:10669000134653F8081B0E9152680F92644AA2F1F8
:1066A0009001934228BF0B46C4F89030F9F768FE7A
:1066B000D4F8AC300133002BC4F8AC300ADCD4F889
:1066C000A4005C4A0368C4F8A4305A6000238361C4
:1066D000FDF756FDFFF734F91CE0282311E71723D7
:1066E0000FE73620FCF764FF26E73620FCF760FF53
:1066F0002FE72B69504A4FF0FF319A611A60D4F8A6
:106700009C2005205A601360C4F89C30FDF798FF68
:106710000028BBD0FEF794F99DF83D707B1E0A2B34
:1067200000F27A86DFE813F0A002EE02780678061F
:106730007806470669067306870478063E053F48D3
:10674000FDF7B6FA064690B112A8CDF848A0FDF7BD
:10675000FFFFC3B2C3B91299394A52F823008142EC
:1067600000F0608603332D2BF7D13648BAE1364866
:10677000FDF79EFA8246002877D00BA80B9612965A
:10678000FDF7E6FFC6B226B130493148FEF718F8EA
:106790006AE230492E48FEF713F8DFF8BC80DFF8D4
:1067A000B0900B9B4FEA860A9E425FFA8AFA0CD29F
:1067B000FDF716FC504612A9FEF782FA8246FDF755
:1067C00007FA5FFA8AF0002848D00D212048FAF72E
:1067D0000FF90A211E48FAF70BF91D48FAF718F9C4
:1067E000FDF7FEFF40E200BF600800205C85000866
:1067F000281F0020708A0008F81C0020714F000834
:10680000541E00207101000834210020091C0020C2
:10681000B013002020110020681B00208C1B0020DA
:1068200040110020614900081C1200202021002096
:106830000021002014210020082100207785000875
:10684000408900086E8200088A8500087F8500085C
:106850000C22002095850008A28500084146484684
:10686000129AFDF7ADFF01369BE7AE48FDF720FA1F
:10687000002800F0C78056460DF1480A5046FDF743
:1068800067FFC0B20028ABD11299A748FEF7E0F825
:10689000FDF7A6FB0523DFF894928DF82C60069394
:1068A000FEF7B6F8C0B2002840F09480DBF8008014
:1068B000D8F8003058615A69510623D40793FDF780
:1068C000EFF8FDF7F5F8FDF703F9C0B2079BD8B173
:1068D000B8463220FEF72CF8B8F1000F7DD14FF00A
:1068E00006089DF82C3004338DF82C300A20FEF772
:1068F0001FF8B8F101087BD18D48FEF7A9F8FDF724
:1069000067F972E01A69D6E7A0221A61FDF7F8F874
:10691000C0B210B1FDF70CF9DAE7FDF7C1F8FCF7EA
:10692000C7FFC0B20028D3D1DBF804300BAA5B68E4
:106930004846DA60D8F818201A6001225A60FDF73C
:106940006FFFDBF804305A68136843F001031360EB
:10695000FDF79EFEFEF774F8DBF804305A68116804
:10696000079221F00F0111600E2219685B7B02FA79
:1069700003F34B60FCF79CFF5FFA80F8B8F1000F5F
:10698000A6D1DBF80010079A8969C2F80CA0116043
:1069900004215160FDF744FFDBF8042048465168AC
:1069A0000A6842F001020A60FDF772FEFEF748F83D
:1069B0000E23DBF804205068016821F00F0101600C
:1069C0001168527B03FA02F24A60FCF789FFFDF777
:1069D000AFF87EE74FF004087BE7069B013B069388
:1069E0007FF45EAF5348FEF733F8FDF7F1F8F7E6B2
:1069F000FEF7D6F8C0B200287FF478AFFDF7E8F8CC
:106A0000043639E74C48FDF753F9824660B112A8C5
:106A1000FDF77EFEC0B200287FF4B6AEFDF7E0FEC3
:106A20001298FEF705FE1FE14448FDF741F90646BE
:106A300000285AD0424B4FF00C0E59685346414A39
:106A40000EFB03FC5CF80200814247D14FF00009C5
:106A5000624451683C48FDF7FBFF3C4B3C481968D9
:106A6000FDF7F6FF3B4B3C481968FDF7F1FF3B4B48
:106A70003B481A681979FDF7EBFF3A493A488B69A8
:106A8000DFF8E88003934B69DFF8E4A002930B6919
:106A90000193CB680093D1E901230968FDF7D8FF82
:106AA0003448FDF7D5FF3448D8F8001041B100262E
:106AB000DAF80020D8F80430D21AFDF7C9FF2E48C2
:106AC00009F10109B9F1090F08F10808ECD116B173
:106AD0002A48FDF7BDFFFEF793F8C5E001330F2B01
:106AE000AED12748FDF7B4FFBEE02648FDF7E0F839
:106AF00050B112A8FDF70CFEC0B200287FF444AEDE
:106B0000124B129A1A606BE61F48FDF7D1F8002865
:106B10003CD012A8FDF7FCFDC0B200287FF434AED3
:106B20000C4BEEE7A6850008A28500083021002066
:106B3000BC850008B2850008C6850008D08500081D
:106B4000281F002040890008408200080808002013
:106B5000D685000804080020E4850008541C0020A5
:106B6000F3850008601C002011860008FC0B002043
:106B7000A01B00207B86000896860008B0860008CF
:106B800088860008B9860008C5860008AC48FDF76D
:106B90008FF80646D0B10020AA4AD8F85010F9F76D
:106BA00097FE00283FF4F0AD002212A901F0F0F8A2
:106BB000129B1B78002B7FF4E7ADC0B20B283FF689
:106BC000E3ADA14B185CFEF7CBFC4DE09F48FDF711
:106BD0006FF8804698B112A8FDF7BAFDC0B260B94F
:106BE000129B9B49002B9B4B1CBF464619469A4B58
:106BF0009A481E70FDF72CFFF2E59549F7E74A46E3
:106C000097499848FDF7DCFD2EE00D2901D00A29AF
:106C100067D1002B62D0A8F84E2016B1002288F868
:106C20004C20002243441A71864AD8F85010A2F131
:106C30004000F9F74DFE01238146C8F8540088F85A
:106C40004C308948FDF734F800287FF4C9AD8748F7
:106C5000FDF72EF8824600283FF471AD844B854A3B
:106C600085498048FDF7ACFD00214FF0804C0E4671
:106C700040F2DE39DFF8EC81D8F85CE098F84C009F
:106C8000B8F84E20DEF80430D8F87CA15B68C3F178
:106C90004003B3EB0A0348BF403353B30AF1010387
:106CA000402BA8BF0023C2449AF88011C8F87C3159
:106CB00028B9DCF824309B1A9BB24B4503D900233A
:106CC0000126C8F84830DCF824200829D8F84830D4
:106CD00092B29AD113B1013BC8F84830012100208B
:106CE000D0E73E2B9FBF581C4344C8F84800197199
:106CF000F4E709B1A8F84E20002E3FF4B9AC88F8AB
:106D00004C00B5E4FEF784FBC0B2092803D141F67C
:106D1000A470FDF70DFE594FDFF864813E68D8F886
:106D200004300136092B3E6002D00C2B5CD08BB9AD
:106D3000DFF8509199F80420D9F80030B2B3002B55
:106D40004ADCB20606D1FDF79BFED9F800300BB144
:106D5000FDF7F6FEB0077FF48BACD8F804300F2BAC
:106D60003FF686AC01A252F823F000BFB96E0008CE
:106D7000E96E0008F36E0008F76E0008FB6E00086D
:106D8000A96F0008AD6F0008B16F0008B56F00086B
:106D9000217000082970000871660008B96F0008AA
:106DA00015700008197000081D700008002B13DC16
:106DB000354B364A1B681168002BD8BF01F1FF31F3
:106DC0000B44B3F5615F03DD4FF461531360B8E723
:106DD000002BB8BF0023F9E7013BC9F80030002BB6
:106DE000AFD1FDF7ADFEACE7294ADFF89890136804
:106DF000002B57DD99F80400D9F8001030B10029B4
:106E000048DCB306A6D1FDF76BFE9EE7002941DC06
:106E10001D49013B096813600029C4BF6FF00400DD
:106E200000FB013345F26041C8BF136013688B4219
:106E300001DD1160E5E7002BE3DA00231360E0E7F2
:106E4000D286000850220020808B0008DB860008D4
:106E5000B8840008B0840008F61C0020E986000809
:106E6000FC8600080C2200200D87000868850008B9
:106E7000C1840008CF84000870850008A01B002092
:106E8000281F0020541C0020601C0020080800203F
:106E9000040800200139C9F800100029B1D1FDF71C
:106EA0004FFEAEE713F5167FA4BF03F1FF33136067
:106EB0000023C9F80030A4E78D4EFEF721FA73686D
:106EC000002B02DD8B48FEF7ABF9B368002B02DD27
:106ED0008948FEF7A5F9F368002B7FF7C9AB87480F
:106EE000FEF79EF9FFF7C4BB8548FEF7D9F9FFF717
:106EF000BFBB8448F9E78448F7E77D4E7369022BEE
:106F00000FD0032B0FD0012B02D18048FEF7C8F918
:106F1000B369991C36D05A1C07D0033308D17C487A
:106F200004E07C48F2E77C48F0E77C48FEF7B8F9DB
:106F30007368022B28D0032B28D0012B02D178486C
:106F4000FEF7AEF9B368022B22D0032B22D0012B1F
:106F500002D17448FEF7A4F9F368022B1CD0032B6E
:106F60001CD0012B02D17048FEF79AF93369022B2D
:106F700016D0032B16D0012B02D16C48FEF790F9E6
:106F80006B48B2E76B48D1E76B48D9E76B48D7E766
:106F90006B48DFE76B48DDE76B48E5E76B48E3E705
:106FA0006B48EBE76B48E9E76B489EE76B489CE76B
:106FB0006B489AE76B4898E7F9F7D2FB04283FF64D
:106FC00057ABDFE800F003051220250066488CE788
:106FD0006648FEF765F93C223B68B3FBF2F102FB21
:106FE0001133002B7FF444AB79E76148FEF758F981
:106FF0001E223B68B3FBF2F102FB1133002B7FF43E
:1070000037AB3C486CE75B48FEF74AF93A4867E71C
:1070100059486AE7594868E7594866E7594864E7B4
:10702000FEF76EF9FFF724BB314B1B69002BCCBF79
:107030005548564859E79DF839709DF838803946CB
:1070400042465348FDF704FD524B5B68042B7FF426
:107050000FAB514EB8F1000F23D1FDF7E1FB4FF01C
:10706000FF33F3634D4B3046C6E90D33F369C6F881
:107070000480B361FDF7F4F9FDF7E2FC012F00F0A5
:10708000DE81022F00F0D281002F7FF4F1AAFDF7FC
:10709000C7FB4FF49662424B1A804FF480725A80BD
:1070A000A2E0736B8BB1FDF7BBFBF9F769F9F36AEB
:1070B0001BB106F12000F9F79BFA0023C6E90D3356
:1070C0007360F369B361FDF7BBFC3348F9F7F0FA7D
:1070D000012F08D0022F06D0002F7FF4C9AA304B11
:1070E000DF70FFF7C5BA00222D4BDA70FFF7C0BA88
:1070F000601C0020908B0008008A0008508B00085C
:107100004616002073160020B2160020410F002002
:10711000DB1000206E0F0020AD0F00206F1000204C
:10712000840E0020440C0020D90D00202E0D0020DC
:107130009B1300209C100020B10E0020F00E0020B8
:10714000710C0020B00C0020060E0020450E00201F
:107150005B0D00209A0D0020301700205D170020E5
:107160009C1700207B140020DE120020F01200206B
:107170001D1300205C130020601200201A1800204C
:107180006B180020C51800202F0F00205D10002074
:1071900012870008281F0020CC230020E08A000866
:1071A000F21C00200023DDF8388099464746A74EA0
:1071B000C6E90033C6E90233C6E90433B361D8F83F
:1071C0000030994514D3FDF72BFBA14B32681A60B0
:1071D00072685A60B2689A60F268DA6032691A615D
:1071E00072695A61B2699A61FDF72AFCFFF740BAE9
:1071F000984B4FEAC90A1B78EBB197F90B0008EBE3
:107200000A018B7AB7F908200490887A03F0010309
:10721000C0F300100390887AC0F3C0000290887A0F
:10722000C0F380000190897A8B48C1F3400100913E
:107230007968FDF70DFC08EB0A039B7ADB0779D52B
:1072400000217B68DFF814C20793854BD3F800E078
:107250000B46DCF800000246002832D0DCF80400BF
:10726000AEEB0000069007989042069A24D11B2AA4
:107270007A4A4FEAC3031344C3F804E02FD808EB5B
:107280000A039B7A09F10109980748BF726807F160
:10729000080744BF01327260590742BFB268013229
:1072A000B2601A0742BFF2680132F260DB0642BFE9
:1072B00033690133336182E71B2A03D90022CCF8FA
:1072C000002019460133092B0CF1080CC1D1634A87
:1072D000079B42F8313002EBC102C2F804E0614B77
:1072E0001A79002ACBD11B68002BC8DC5E4B5B6887
:1072F000092B08D00C2B11D0002BC0D1B7F90800F6
:10730000FDF7D6FBBBE7B7F90800FDF7D1FBC0B22C
:107310000928B4D15548FDF783FFB0E7B7F9080055
:107320000028ACDD524B1B68002BA8DD4000FDF7A8
:10733000EFFBECE7B7F9083032681A4403333260E8
:10734000062B9CD801A252F823F000BFA9730008B5
:107350009B7300088B7300087F7200086973000834
:10736000757300087F7300087369002B87DC0123A5
:10737000736184E77369012B81DC0223F8E7736989
:10738000022B3FF77CAF0323F2E7B369002BFFF634
:1073900076AF4FF0FF33B36171E7B3690133FFF6A6
:1073A0006EAF6FF00103F6E7B3690233FFF667AF24
:1073B0006FF00203EFE72F4EFCF712FE307880B13A
:1073C000FDF7EEFBC0B240B10023337012934FF4CF
:1073D000006312A81393FEF7CBFAFCF7F9FBFFF753
:1073E00047B92549FDF76CFCC0B20028F5D101234F
:1073F000129033704FF4E063EBE71F4E1F48316883
:10740000FDF726FB3068FEF713F9FFF731B91C488A
:10741000FDF71EFBFFF72CB939461A48FDF718FB9C
:10742000FFF726B90846FEF77BF81DE4FDF7F8F9EB
:107430004FF65032144B1A8040F201122FE6FDF73E
:10744000EFF9114BA3F80080F6E700BFEC0F002026
:10745000601C0020F61C00201D870008FC0B00208B
:10746000A01B0020541C0020281F002010890008A9
:1074700004080020082200209C1E00204E870008DF
:107480006287000875870008F21C002000000000D9
:10749000074B08495A6922F080025A6111F8012B02
:1074A0000AB901BEFEE718680006FCD55A60F5E788
:1074B00000380140A0870008000000000000000024
:1074C00008B5F8F72DFFF9F79BF90A4B1B685BB17C
:1074D00098470122084B5A61F9F79AF9F8F738FFF3
:1074E000BDE80840F9F734B804490548FDF750F9FC
:1074F000EFE700BF9808002000040140B0870008B3
:1075000030810008000000000000000000000000C2
:1075100008B5F8F705FFF9F773F90A4B5B685BB13B
:1075200098470222084B5A61F9F772F9F8F710FFF1
:10753000BDE80840F9F70CB804490548FDF728F9FB
:10754000EFE700BF9808002000040140C087000852
:107550003081000800000000000000000000000072
:1075600008B5F8F7DDFEF9F74BF90A4B9B685BB1FC
:1075700098470422084B5A61F9F74AF9F8F7E8FEF0
:10758000BDE80840F8F7E4BF04490548FDF700F9F5
:10759000EFE700BF9808002000040140D0870008F2
:1075A0003081000800000000000000000000000022
:1075B00008B5F8F7B5FEF9F723F90A4BDB685BB1BC
:1075C00098470822084B5A61F9F722F9F8F7C0FEEC
:1075D000BDE80840F8F7BCBF04490548FDF7D8F8F6
:1075E000EFE700BF9808002000040140E087000892
:1075F00030810008000000000000000000000000D2
:1076000008B5F8F78DFEF9F7FBF80A4B1B695BB17B
:1076100098471022084B5A61F9F7FAF8F8F798FEE4
:10762000BDE80840F8F794BF04490548FDF7B0F8F5
:10763000EFE700BF9808002000040140F087000831
:107640003081000800000000000000000000000081
:1076500008B5F8F765FEF9F7D3F80A4B1B6863B174
:1076600098474FF47872084B5A61F9F7D1F8F8F758
:107670006FFEBDE80840F8F76BBF04490448FDF70A
:1076800087F8EEE7B00800200004014000880008F9
:107690003081000800000000000000000000000031
:1076A00008B5F8F73DFEF9F7ABF80A4B1B6863B174
:1076B00098474FF47C42084B5A61F9F7A9F8F8F75C
:1076C00047FEBDE80840F8F743BF04490448FDF70A
:1076D0005FF8EEE7AC0800200004014010880008C5
:1076E00030810008000000000000000000000000E1
:1076F00008B5F8F715FEF9F783F8054B9B68F9F71D
:1077000087F8F8F725FEBDE80840F8F721BF00BF6D
:1077100000300140000000000000000000000000F8
:1077200008B5F8F7FDFDF9F76BF8054B9B68F9F71D
:107730006FF8F8F70DFEBDE80840F8F709BF00BF85
:1077400000380040000000000000000000000000C1
:107750002DE9F047F8F7E4FD4FF080431A699207EE
:107760004CD50027284DB8462E461F61F9F748F83A
:10777000F8F706FEF8F704FE56F8141F4FF080499C
:10778000D9F824302C8C9BB28A681C1BA4B294427A
:107790001ED38A682B8CD1F80CA013442B840B6861
:1077A000A41AB3425E606B61CF6008BFC9F80C7069
:1077B000F8F79EFD88F311880869D047202383F3EA
:1077C0001188F8F77DFD69698B689C42E1D2D5E7A5
:1077D0006A69B24210D090682B84001B90608A685E
:1077E0004FF6FF718A4228BF0A46022A2CBF9B1817
:1077F00002339BB2C9F83430F9F70AF8F8F7A8FD5C
:10780000BDE8F047F8F7A4BE341F002000000000D8
:107810002DE9F84FD84A0024D84B03271A604FF4BB
:1078200000324FF49078D64DC3E901441C731C61BB
:10783000D44BD549C3E90052D44AD54EC3E904120A
:107840000731C3E90712C3E902259E61D14AD24B31
:10785000D2491A60D24AD348C3E90125D24ADD6031
:10786000C3E90412D14AD2499D619F839C77D160BC
:1078700083F8204042465C629C62214640F8044BFB
:1078800000F09EFACB484246214640F8044B00F0F7
:1078900097FA41F21852C84BDFF820831E609F8090
:1078A0009C71C74B4FF092099A614FF483729A838F
:1078B000C3F80080F9F7B4F801224FF0FF0C6FF025
:1078C0003D01C04B4FF0040E5A729972DA72DA76AB
:1078D00019775A771C705C709C70DC701C7183F88F
:1078E00005C09C71DC711C721C735C739C73DC732F
:1078F0001C745C749C74DC741C755C759C75DC7504
:1079000083F818C05C769C769C77DC7783F82040FF
:1079100083F82E102D2183F82D2083F82F2083F853
:107920003C2083F8214083F8224083F8234083F8E9
:10793000244083F8254083F8264083F8274083F8C5
:10794000284083F8294083F82A4083F82BC083F825
:107950002C4083F8304083F8314083F8324083F87C
:10796000334083F8344083F8354083F8364083F859
:10797000374083F8384083F8394083F83A4083F839
:107980003B4083F83D4083F83E401C6483F83F70E1
:1079900083F8444083F8454083F8464083F84740E5
:1079A000894B00209972197700215A72DA761C707F
:1079B0005C709C70DC701C7183F805C09C71DC717C
:1079C0001C72DC721C735C739C73DC731C745C74BF
:1079D0009C74DC741C755C759C75DC751C765C761F
:1079E0009C765C7783F825209C77DC7783F82040B1
:1079F00083F8214083F8224083F8234083F824E071
:107A000083F8264083F8274083F8284083F82940EC
:107A100083F82A4083F82B4083F82C40C3F82E408B
:107A200083F82D7083F8324083F8334083F8344074
:107A300083F83540654B4FF00E0AC3E900014FF45F
:107A4000E1306349C3E92433624B8D60C1E900032F
:107A50000923C1E903350A23C1E905374FF48553EA
:107A6000C1F81CE0C1E908935B4B4FF00C091966A3
:107A700003F16401C3E95911584983F86C21196570
:107A80005749C3E916441960C3E95C445549C3E941
:107A90005E445C64A3F84E409C6483F84C405C6593
:107AA000514B0F20196099604FF00B0B0D21A3F87B
:107AB00004A09A7199819A731D619A759D619A7754
:107AC0001D62A3F814909883A3F824B083F82620AD
:107AD0009D620825A3F834A04FF0050A83F83620EC
:107AE0009D8583F82E209E63998783F83E201E6330
:107AF0003E4B5919C3E90D113D494FF0FF3519604F
:107B00003C49C3E91F2CC3E91BA14FF0020AC3E99A
:107B10002321C3E91916C3E91DA2C3E92116C3E94C
:107B200025E2C3E91444C3E916545C601C66C3E94A
:107B3000272CC3E92916C3E92B41C3E92D72C3E9F8
:107B40002F2CC3E93154C3F8CC60A3F8D0A083F83C
:107B5000D240294B03F10801C3E9061127495C60B3
:107B600019602749C3E90D44C3E91512C3E9121688
:107B70006321C3E90F5445E0F0880008202100206C
:107B800000000240681B002001000200915900081B
:107B900000040240688C0008600800200500060010
:107BA0000030014020190020070004009808002040
:107BB000D1450008441A0020D41B0020188C00086E
:107BC000A01E0020091C0020F408002070200020C6
:107BD00008100020003801400C22002020880008F6
:107BE000088C000800080240B4080020342100205E
:107BF000E88B000800040040CC230020288C0008FB
:107C0000000C0140596683F84540A3F85090DC65AC
:107C100083F86040164B03F108015C60C3E906116C
:107C20001449C3E90D4419601349C3E90F54C3E96A
:107C3000151216225A6642F21072C3E9121683F820
:107C40004540A3F85000DC6583F860400B4B9A6117
:107C50004FF481729A8340F2DE32C3F80080084B01
:107C60009A6140F201129A83C3F80080BDE8F88F50
:107C7000C01E0020488C000800100140B0130020F6
:107C800020110020000000000000000000000000A3
:107C9000012B2DE9F0478646904601D0242B06D9CA
:107CA00000F086F8162303600020BDE8F0870D463B
:107CB00035482A4615F8014B065D16F00806F8D13E
:107CC0002D2C2ED101262C78951C002B57D0102B53
:107CD00009D1302C07D12A7802F0DF02582A49D185
:107CE00010236C780235002206F1004C0CF1FF3CA9
:107CF000BCFBF3F9104603FB19CAA4F13007092FA6
:107D000014D83C46A34220DD571C07D0814519D327
:107D100001D1A24516DB012200FB034015F8014BFF
:107D2000EBE72B2C04BF2C78951CCEE7A4F1410780
:107D3000192F01D8373CE5E7A4F16107192F04D8C2
:107D4000573CDFE74FF0FF32E8E7531C08D122230E
:107D50006046CEF80030B8F1000FA6D0691E06E0EC
:107D600006B14042B8F1000F9FD0002AF6D1C8F802
:107D700000109AE73024002BB5D10823B3E7302C4C
:107D8000A9D00A23AFE700BFD18D00080000000092
:107D900013460A46014602480068FFF779BF00BF54
:107DA0005C0800200000000000000000000000004F
:107DB000014B1868704700BF5C08002000000000FD
:107DC00003460244934200D1704703F8011BF9E7D0
:107DD0002DE9F047089E0D4604468E46002B4CD1F7
:107DE0008A42944667D9B2FA82F353B102FA03FC8D
:107DF000C3F1200201FA03FE20FA02F242EA0E0E5B
:107E00009C404FEA1C47BEFBF7F11FFA8CF507FBBD
:107E100011EE01FB05F0220C42EA0E4290420AD913
:107E20001CEB020201F1FF3E80F01981904240F20A
:107E3000168102396244121AB2FBF7F007FB1022D6
:107E400000FB05F5A4B244EA0244A5420AD91CEBA2
:107E5000040400F1FF3280F00481A54240F2018168
:107E60006444023840EA01400021641B1EB1DC403A
:107E70000023C6E90043BDE8F0878B4208D9002EF5
:107E800000F0EA800021C6E900050846BDE8F08759
:107E9000B3FA83F1002948D1AB4202D3824200F207
:107EA000F880841A65EB030201209646002EE2D08A
:107EB000C6E9004EDFE702B9FFDEB2FA82F3002B1B
:107EC00040F08E80881A0121170C1FFA82FEB0FB49
:107ED000F7F507FB1500220C42EA00420EFB05F005
:107EE000904208D91CEB020205F1FF3802D2904201
:107EF00000F2CC804546121AB2FBF7F007FB1022C5
:107F00000EFB00FEA4B244EA0244A64508D91CEBCD
:107F1000040400F1FF3202D2A64500F2B4801046FC
:107F2000A4EB0E0440EA0540A0E7C1F120078B4016
:107F300022FA07FC4CEA030C25FA07FA4FEA1C491F
:107F4000BAFBF9F88D4020FA07F309FB18AA1FFACB
:107F50008CFE2B4300FA01F508FB0EF01C0C44EAE2
:107F60000A44A04202FA01F20BD91CEB040408F106
:107F7000FF3A80F08680A04240F28380A8F1020898
:107F80006444241A98B2B4FBF9F309FB134403FBCD
:107F90000EFE40EA0444A64508D91CEB040403F194
:107FA000FF306AD2A64568D9023B644443EA0840E0
:107FB000A0FB0293A4EB0E049C42C8469E4654D3F9
:107FC00051D0002E67D0B5EB080364EB0E04CB4014
:107FD00004FA07F71F43CC40C6E9007400214AE7C2
:107FE00002FA03FCC3F12000C1409D4024FA00F0D6
:107FF0004FEA1C472843B1FBF7F507FB15111FFAA1
:108000008CFE020C42EA014205FB0EF1914204FA99
:1080100003F408D91CEB020205F1FF382FD291427C
:108020002DD9023D6244521AB2FBF7F107FB11222F
:1080300080B240EA024001FB0EF2824208D91CEBFA
:10804000000001F1FF3816D2824214D9023960448F
:10805000801A41EA05413AE7314630460BE771465E
:10806000E9E61046FEE64D45ABD2B9EB020863EBFC
:108070000C0E0138A5E74146EAE7034696E7454678
:10808000D1E7D0467DE76444023849E7023D6244C7
:1080900031E708460AE73146EDE600BF0000000080
:1080A00000000000000000000102030406070809A8
:1080B00000000000010203040000000000000000B6
:1080C00053562336000000000000000000000000AE
:1080D000535623370000000000000000000000009D
:1080E000535623380000000000000000000000008C
:1080F000535623390000000000000000000000007B
:108100005356233130000000000000000000000042
:108110005356233131000000000000000000000031
:10812000737461636B206F766572666C6F770000A5
:10813000556E68616E646C65642025530D00000007
:108140004F6B0D0A0000000000000000000000005E
:10815000535623340000000000000000000000001F
:10816000535623350000000000000000000000000E
:10817000454553617665476F6F646E657373002381
:108180002025530D0000000000000000000000004A
:10819000454553617665426561737452737263003D
:1081A00045455361766546697854696D656400009C
:1081B000454553617665466978466F7265766572A6
:1081C00000000000000000000000000000000000AF
:1081D0006932634320427573790D0000000000008E
:1081E0002D333064426D002D323764426D002D32E4
:1081F0003564426D002D323064426D002D3135649E
:10820000426D002D313064426D002D3664426D00A8
:108210002B3564426D002B3764426D002B31306486
:10822000426D002B313264426D003F3F64426D006D
:1082300054785077723A2025530D0000000000005A
:10824000446576547970653A2025730D004465764F
:10825000547970653A20556E6B6E6F776E0D000025
:108260004469703A203078253032583B2000496EFE
:1082700076616C69642064657620747970653A2053
:1082800025750D0000000000000000000000000047
:108290004545536176655479706500000000000023
:1082A00045455361766554785077720000000000B0
:1082B0004E6F74206170706C696361626C650D0053
:1082C00052657365740D0047506C75730D00474D12
:1082D000696E75730D00466978466F7265766572D2
:1082E0000D0046697854696D65640D0044697361D9
:1082F000626C654669780D00536574547970653A0F
:10830000205061727469636C650D00536574547913
:1083100070653A2053656172636865720D0053653C
:1083200074547970653A2042656173740D00536529
:1083300074547970653A20506174680D0053657407
:10834000547970653A20506C616365506C75733177
:108350000D00536574547970653A20506C61636503
:10836000506C7573320D00536574547970653A2002
:10837000506C616365506C7573330D0053657454B4
:108380007970653A20506C6163654D696E75733123
:108390000D00536574547970653A20506C616365C3
:1083A0004D696E7573320D00536574547970653A7A
:1083B00020506C6163654D696E7573330D005365B4
:1083C00074547970653A20506C6163654D696E75BF
:1083D00073314D616769630D00536574547970653D
:1083E0003A20506C6163654D696E7573324D6167FB
:1083F00069630D00536574547970653A20506C615F
:1084000063654D696E7573334D616769630D005324
:10841000657454785077723A202D313564426D0D71
:108420000053657454785077723A202D313064428D
:108430006D0D0053657454785077723A202D366470
:10844000426D0D0053657454785077723A20203095
:1084500064426D0D0053657454785077723A202B46
:108460003564426D0D0053657454785077723A202C
:108470002B3764426D0D0053657454785077723A0F
:10848000202B313064426D0D005365745478507761
:10849000723A202B313264426D0D004261643A2001
:1084A00025640D0000000000000000000000000036
:1084B000456E61626C65640044697361626C6564F9
:1084C0000032303235303331335F323230380043AE
:1084D0006F6E636570744F66476F6F646E6573731C
:1084E000000D25532025533B2049443A2030782560
:1084F0003038580D00414842467265713D25754D32
:10850000487A3B2041504231467265713D25754D98
:10851000487A3B2041504232467265713D25754D87
:10852000487A0D00434320527374204661696C0DF4
:108530000043432057204661696C0D00434320529D
:108540002F57204661696C3B2072706C3D25750D7C
:108550000043432052204661696C0D00434320696B
:108560006E6974206F6B0D0056657273696F6E00D3
:1085700025532025530D00536574547970650042CE
:108580006164506172616D0D0A0050696C6C5265D6
:1085900061643332002350696C6C4461746133321E
:1085A00020002575200050696C6C57726974653322
:1085B000320054696D656F7574310D0054696D65D5
:1085C0006F7574320D004170706C7950696C6C007D
:1085D000537461746500476F6F646E6573733A20FE
:1085E00025640D004265617374527372633A2025ED
:1085F000640D00466978466F72657665723A20258B
:10860000643B2046697854696D65643A2025640DA1
:1086100000676F6F646E6573735F64656C7461206F
:1086200025640D677265656E5F6576696C202564EB
:108630000D61727469666163742025640D637961EC
:108640006E5F62656173742025640D73656172638A
:108650006865722025640D676F6F646E6573735F64
:10866000706C75732025640D676F6F646E6573732E
:108670005F6D696E75732025640D00475472616EDD
:10868000734C6973743A0D004261642054797065CB
:108690003A2025750D0020202A2069642025583BAA
:1086A000207263766420257520732061676F0D004A
:1086B0002020656D7074790D00536574476F6F6489
:1086C0006E6573730053657442656173745273729F
:1086D00063005365745478507772005278506B740D
:1086E0005072696E74696E67005278506B74507284
:1086F000696E74696E673A2025730D00436D645589
:108700006E6B6E6F776E3A2025530D0A0050696EBE
:10871000670042746E2025752025750D0069643A46
:108720002025583B20673D256420733D2564206744
:10873000653D256420613D25642063623D256420FC
:10874000733D256420727373693D25640D00506983
:108750006C6C20636F6E6E65637465643A2025757A
:108760000D0050696C6C20646973636F6E6E656395
:108770007465640D00556E68616E646C6564206D8F
:1087800073672025750D00030406080C10182030AF
:1087900000000000000000000000000000000000D9
:1087A0000D486172644661756C740D000000000034
:1087B000566563746F7235380000000000000000D9
:1087C000566563746F7235430000000000000000BE
:1087D000566563746F7236300000000000000000C0
:1087E000566563746F7236340000000000000000AC
:1087F000566563746F723638000000000000000098
:10880000566563746F723943000000000000000079
:10881000566563746F724530000000000000000070
:10882000202C0000000000000000000000000000FC
:10883000536561726368657200506C616365506C6A
:1088400075733100506C616365506C757332005004
:108850006C616365506C757333004D617374657240
:1088600000506C6163654D696E75733100506C61C9
:1088700063654D696E75733200506C6163654D6957
:108880006E75733300417274696661637400506180
:10889000727469636C65005061746800426561734D
:1088A0007400506C6163654D696E7573314D61671D
:1088B000696300506C6163654D696E7573324D611B
:1088C00067696300506C6163654D696E7573334D04
:1088D0006167696300000000000000000000000004
:1088E0000100000001000000000101000100000083
:1088F000005400400004024006000700801A0600F1
:108900000500000006000000920000008200000048
:10891000000000006400000001000000C20100002F
:1089200000000000000000000100000068010000DD
:108930000300000000000000000000000000000034
:1089400000000000308800089B0A002001000000A1
:1089500039880008410F0020020000004488000808
:108960006E0F0020030000004F880008AD0F0020AC
:10897000040000005A8800087C1C0020050000004C
:10898000618800086F100020060000006D88000854
:108990009C1000200700000079880008DB100020F0
:1089A0000800000085880008410A00200900000036
:1089B0008E8800086E0A00200A00000097880008D0
:1089C000A41B00200C0000009C880008DC1B002079
:1089D0000D000000A2880008D51400200E00000041
:1089E000B3880008261500200F000000C488000886
:1089F00080150020000000000000000000000000C2
:108A0000000000006400000001000000630000009E
:108A100000000000000000000100000063000000F2
:108A2000000000006400000001000000630000007E
:108A300000000000000000000100000063000000D2
:108A4000000000006400000001000000630000005E
:108A500000000000000000000100000068010000AC
:108A60000300000000000000000000000000000003
:108A70000B0E0C00100E112F1273150021B62210D0
:108A8000191D1A1C1BC71C091DB023EA242A250026
:108A9000261F2C882D312E09000000000000000048
:108AA0000002000000B80701B4000000000000024E
:108AB000000000B90901B40000000000000200003D
:108AC00000900B01B4000000000000000000000056
:108AD0000003000000000000000000000000000093
:108AE00000000000640000000100000063000000BE
:108AF000000000000000000001000000D707000097
:108B00000200000000000000000000000000000063
:108B10000002000000EA0A01B400000000000002A8
:108B20000000002D0901B400000000000002000058
:108B300000B80701B40000000000000000000000C1
:108B40000003000000000000000000000000000022
:108B5000000000006400000001000000630000004D
:108B6000000000000000000001000000680100009B
:108B700003000000000000000000000000000000F2
:108B800003080D171D26375086CDC5C00000000014
:108B9000000000006400000001000000630000000D
:108BA0000000000000000000010000006300000061
:108BB00000000000640000000100000063000000ED
:108BC000000000000000000001000000680100003B
:108BD0000300000000000000000000000000000092
:108BE0000000000000000000A1420008E1060008AB
:108BF00061400008110700080000000000000000AC
:108C00000000000000000000F1090008110A00083F
:108C10000000000000000000814500080000000086
:108C2000000000000000000061440008B1060008D8
:108C3000C106000800000000000000000000000065
:108C4000000000000000000071430008A1060008B9
:108C5000A108000800000000000000000000000063
:108C60000000000000000000B14500080000000006
:108C700063685363685265616479416865616449FA
:108C800000000000000000000000000000000000E4
:108C90006368546864536C6565705300000000009D
:108CA000636853636852656164794900000000009D
:108CB000636854696D6541646458000000000000F9
:108CC000646D6153747265616D416C6C6F634900D2
:108CD00063685654446F53657449000000000000F7
:108CE0000060024008600240010000000000000B2C
:108CF000006002401C600240020000000004010C01
:108D00000060024030600240040000000008020DD4
:108D1000006002404460024008000000000C030EA6
:108D20000060024058600240100000000010040F74
:108D3000006002406C60024020000000001405103A
:108D400000600240806002404000000000180611F0
:108D5000408F00086C2500206C2500206C25002029
:108D6000408F00080000000000000000000000002C
:108D7000408F00080000000000000000000000001C
:108D8000408F00080000000000000000000000000C
:108D9000408F0008000000000000000000000000FC
:108DA000408F0008000000000000000000000000EC
:108DB000408F0008000000000000000000000000DC
:108DC000408F0008000000000000000000000000CC
:108DD000002020202020202020202828282828208B
:108DE0002020202020202020202020202020202083
:108DF00020881010101010101010101010101010EB
:108E000010040404040404040404041010101010DA
:108E100010104141414141410101010101010101A4
:108E200001010101010101010101010110101010F6
:108E30001010424242424242020202020202020276
:108E400002020202020202020202020210101010CA
:108E500020000000000000000000000000000000F2
:108E60000000000000000000000000000000000002
:108E700000000000000000000000000000000000F2
:108E800000000000000000000000000000000000E2
:108E900000000000000000000000000000000000D2
:108EA00000000000000000000000000000000000C2
:108EB00000000000000000000000000000000000B2
:108EC00000000000000000000000000000000000A2
:018ED00000A1
:088ED400FCEEFF7F010000002D
:108EE000201900206054000040380000FFFF0000FF
:108EF00000000000342400209C24002004250020D1
:108F00000000000000000000000000000000000061
:108F10000000000000000000000000000000000051
:108F20000000000000000000000000000000000041
:108F300000000000000000000000000010080020F9
:04000005080001519D
:00000001FF
