:020000040800F2
:10000000000400205101000853010008A1740008F9
:100010005301000853010008530100085301000870
:10002000530100085301000853010008515A000809
:100030005301000853010008530100085301000850
:100040005301000853010008530100085301000840
:100050005301000853010008D174000821750008FD
:1000600071750008C175000811760008015B000871
:10007000215B0008415B0008615B0008815B0008B0
:10008000A15B0008C15B0008530100085301000890
:10009000530100085301000853010008617600086D
:1000A00053010008530100085301000853010008E0
:1000B000617700085301000853010008530100084C
:1000C000530100085301000853010008017700089C
:1000D000317700085301000853010008530100085C
:1000E000B1760008530100085301000853010008CD
:1000F0005301000853010008530100085301000890
:10010000530100085301000853010008530100087F
:10011000530100085301000853010008530100086F
:10012000530100085301000853010008530100085F
:10013000530100085301000853010008530100084F
:04014000217800081A
:1001500026E000F000F8FEE70000000000000000CC
:100160002DE9F04FC1F80CD0C3689D46BDE8F08F73
:1001700004F05EFB002383F311882846A04700208B
:1001800005F056FC04F034FB05F0E2FB04F050FBF4
:1001900000DFFEE70000000000000000000000009B
:1001A00072B6274880F30888264880F309882648D5
:1001B0004EF60851CEF200010860022080F3148848
:1001C000BFF36F8F05F054FC05F05AFC4FF055302B
:1001D0001E491B4A91423CBF41F8040BFAE71C49F7
:1001E000184A91423CBF41F8040BFAE719491A4AF0
:1001F0001A4B9A423EBF51F8040B42F8040BF8E741
:1002000000201749174A91423CBF41F8040BFAE716
:1002100005F04EFC05F03CFC134C144DAC4203DAE7
:1002200054F8041B8847F9E705F0DAFC104C114D2F
:10023000AC4203DA54F8041B8847F9E705F030BCF8
:10024000000400200008002000000008000000203A
:1002500000040020C08E0008000800206008002074
:10026000600800206C2500204001000844010008BF
:1002700044010008440100080000000000000000E4
:1002800053B94AB9002908BF00281CBF4FF0FF31FD
:100290004FF0FF3000F00CB8ADF1080C6DE904CE62
:1002A00007F09EFDDDF804E0DDE9022304B07047AD
:1002B000704700BF000000000000000000000000C8
:1002C000064B9A6A002A01DDDA6A1AB172B6044A4C
:1002D0005A62FEE70122DA62704700BF341F002035
:1002E000D0800008000000000000000000000000B6
:1002F000064B9A6A002A02DDDA6A002A03DC72B62B
:10030000034A5A62FEE70022DA627047341F002077
:10031000E080000800000000000000000000000075
:10032000202383F31188074B9A6A002A01DBD96ADC
:1003300019B172B6044A5A62FEE701329A6281F339
:1003400011887047341F0020F08000080000000072
:10035000202383F31188074B9A6A002A01DDD96AAA
:1003600019B172B6044A5A62FEE7013A9A6281F301
:1003700011887047341F0020008100080000000031
:10038000054B9A6A002A02DBDA6A002A03DC72B69D
:10039000024A5A62FEE77047341F002010810008AD
:1003A000054B9A6A12B9DA6A002A03DC72B6034A6C
:1003B0005A62FEE7704700BF341F0020208100080A
:1003C00008B5FFF7DDFF094B18B972B6084A5A6243
:1003D000FEE70022027582681B6899689142FBD88B
:1003E0005A68036042601060586008BD341F0020E6
:1003F000508C000800000000000000000000000019
:10040000FEE7000000000000000000000000000007
:1004100070B515461E46264CFFF7B2FF19B972B6E5
:10042000244B6362FEE7C0E9035626464FF0804541
:1004300056F8143F02296A6A38BF0221B34292B2C9
:1004400012D12284C4E90500C0E900334FF6FF73DE
:10045000994294BF5218D218002392B281606A6305
:100460002B610223EB6070BD268C921B92B289181F
:100470009A6802D31B68891A09E0914207D24FF6A5
:10048000FF72914294BF7618B618B6B26E639A683E
:100490008A42EFD35A6803604260106058608160FE
:1004A0009A68521A9A604FF0FF33E361DBE700BFAE
:1004B000341F0020B08C0008000000000000000085
:1004C00010B5214CFFF75CFF234653F8141F8142FF
:1004D0000CD0D0E900210A60516000219A42C1602D
:1004E00003D0936881680B44936010BD00200A68B4
:1004F0009A4262615360C86003D14FF08043D86074
:10050000F3E7936889680B4493604FF08042218C35
:10051000526A521A92B29342E7D9981A012809D81E
:10052000931CB3F5803F0BD219444FF0804389B23E
:100530005963DAE74FF6FF72934228BF1346F3E799
:1005400072B6024B6362FEE7341F0020908C0008F5
:10055000202383F311880F4B5B6813F4006315D0DD
:10056000EFF309834FF0807243F8042CA3F12002CB
:1005700082F30988084A1168126989689268914271
:100580008CBF064A064A43F8082C704783F311884B
:10059000704700BF00ED00E0341F00208501000817
:1005A00090010008000000000000000000000000B2
:1005B00010B40468437B2168827B4068D94000689E
:1005C00001F00E0108420DD001FA03F36360064BFF
:1005D000013253F832402CB103EBC2035868234672
:1005E00010BC184710BC70473020002000000000ED
:1005F00008B5FFF7C5FEC3681BB1BDE80840FFF7AB
:100600005FBF08BD00000000000000000000000007
:10061000104B984205D1104AD36943F00103D361CE
:1006200070470E4B984204D10B4AD36943F0020342
:10063000F5E70B4B984204D1074AD36943F0040312
:10064000EDE7084B9842EBD1034AD36943F0080326
:10065000E5E700BF0000024000380240000402400D
:1006600000080240000C02400000000000000000F2
:1006700010B5FFF7CDFF0323026849008B401343F9
:10068000036010BD0000000000000000000000003A
:100690000269036803EB82031963704700000000DE
:1006A00000214830FFF7F4BF000000000000000008
:1006B00000214830FFF7ECBF000000000000000000
:1006C00038B50446856B4830A9880835FFF7E0FF48
:1006D0000020A56338BD00000000000000000000FD
:1006E00037B5002503682946DB680446984784F837
:1006F000C85084F8C95084F8CA5084F8CB5003B06D
:1007000030BD0000000000000000000000000000FC
:1007100013B504460123D0F8CC00B4F8D0200191E1
:1007200001B91032934083619DF8041004F1640014
:10073000FFF7AEFF9DF8051004F18400FFF7A8FF56
:100740009DF8061004F1A40002B0BDE81040FFF7C8
:100750009FBF00000000000000000000000000003B
:1007600042F62F220A4B1B6893420ADCB3F5616FF5
:1007700009DA002B09DA13F5167FACBF0320042039
:10078000704700207047012070470220704700BF6B
:10079000040800200000000000000000000000002D
:1007A000104B984205D1104AD36943F00103D3613D
:1007B00070470E4B984204D10B4AD36943F00203B1
:1007C000F5E70B4B984204D1074AD36943F0040381
:1007D000EDE7084B9842EBD1034AD36943F0080395
:1007E000E5E700BF0000024000380240000402407C
:1007F00000080240000C0240000000000000000061
:10080000202383F31188FFF75BBD00000000000088
:1008100008B5FFF76DFD002383F3118808BD0000C4
:1008200008B5FFF7EDFF03681B689847BDE808406F
:10083000FFF7EEBF00000000000000000000000015
:100840000268134B10B59A421248134B06D0134C52
:10085000A24203D004F58064A24214D180689B6850
:1008600010F4005FD06A18BF5B000130B3FBF0F3F7
:10087000B3FBF1F08B424FF0000328BF00F1FF30D3
:100880009062536210BD80685B6810F4806FE9E786
:1008900000080140003802408C080020000C014094
:1008A00070B5856B0446B5F8051000F1480611B126
:1008B0003046FFF7C5FFD5F80110304689B207353D
:1008C000FFF7E6FE0020A56370BD000000000000F9
:1008D000034670B500B913680E46184613F8014B6D
:1008E00016F8015B6DB9A4B10E4613F8014B16F86A
:1008F000015BAC420AD13CB1002103F8011C13603A
:1009000070BDAC42ECD1E7E72346F8E7002DEED10D
:10091000EAE723462046F2E700000000000000005E
:10092000D0F80C21D0F8181100F586739B1A8B4271
:1009300028BF0B46C0F81C317BB1002380F814316E
:1009400003685B68DA60D0F81C215A608268126A1A
:100950001A601A6842F001021A6070470000000035
:10096000036859680A6822F00F020A60597B1A6806
:100970000E238B405360D0F80C21D0E946310A4455
:100980005B1A00F586718A4228BF00F10C02C0F89C
:100990001831C0F80C211BB9012380F814317047BD
:1009A000FFF7BEBF000000000000000000000000D4
:1009B000D0F81831FF2B02D94FF00D007047D0F856
:1009C00010315A1CC0F810211970D0F8102100F510
:1009D00086739A4224BF00F10C03C0F81031D0F89E
:1009E00018310133C0F818314FF000007047000093
:1009F0005830FFF7DDBF00000000000000000000DD
:100A000090F814310BB1FFF78BBF70470000000066
:100A10005830FFF7F5BF00000000000000000000A4
:100A2000002301226C202DE9F047FF2403256FF0FD
:100A30003D0604274FF0020CFA496FF04B0E0B7085
:100A40004B708B70CB700B71CB710B724A72CB7287
:100A50000B734B738B73CB730B744B748B74CB74A2
:100A60000B754B758B75CB750B764B768B76CA7683
:100A70004B778B774C718C7188720877CB7781F8C4
:100A8000203081F8213081F8223081F8233081F83C
:100A9000252081F8263081F8273081F8283081F828
:100AA000293081F82A3081F82B3081F82C3081F8F8
:100AB0002D2081F82F2081F8303081F8313081F8F5
:100AC000323081F8333081F8343081F83530C1F874
:100AD000373081F83B3081F83C3081F83D3081F887
:100AE0003E3081F8247081F82E6081F83650CE496E
:100AF0004FF01B080B704B708B70CB700B714B71F0
:100B00008B710B724A72CB720B734B738B73CB73FB
:100B10000B744B748B74CB740B754B758B75CB75D9
:100B20000B764B768B76CA764A778B77CB7781F8C4
:100B3000203081F8213081F8223081F82330C1F84B
:100B40002530CC7188720E7781F8245081F82930D5
:100B500081F82A3081F82B3081F82C30B3496FF0BE
:100B600028090B704B708B70CB700B714B718B71B4
:100B70000B724A72CB720B734B738B73CB730B7408
:100B80004B748B74CB740B754B758B75CB750B7667
:100B90004B768B76CA76CC71887208774B778B77D9
:100BA000CB7781F8203081F8213081F8223081F82C
:100BB000233081F8252081F8263081F8273081F80C
:100BC000283081F8293081F82A3081F82B3081F8DB
:100BD0002C3081F82D2081F82F2081F8303081F8D9
:100BE000313081F8323081F8333081F8343081F897
:100BF0003530C1F8373081F83B3081F83C3081F82E
:100C00003D3081F83E3081F8247081F82E6081F803
:100C1000365087494FF0760A0B704B708B70CB7053
:100C20000B714B718B710B724A72CB720B734B73DE
:100C30008B73CB730B744B748B74CB740B754B75BC
:100C40008B75CB750B764B768B76CA764B778B771D
:100C5000CB7781F8203081F82130CC718872087709
:100C600081F8223081F8233081F8263081F827304E
:100C700081F8283081F8293081F82A3081F82B302A
:100C800081F82C3081F82D2081F82F2081F8303028
:100C900081F8313081F8323081F8333081F83430E6
:100CA00081F83530C1F8373081F83B3081F83C307D
:100CB00081F83D3081F83E3081F8247081F825C0FC
:100CC00081F82E6081F836505A490B704B708B704A
:100CD000CB700B714C718C71CC710B724A72CB72F0
:100CE0000B734B738B73CB730B744B748B74CB7410
:100CF0000B754B758B75CA750A764A768B76CB6108
:100D000081F8203081F8213081F8223081F82330B9
:100D10008872CD7648490B704B708B70CB700B711D
:100D20008B714C71CB710B724A72CB720B734B731C
:100D30008B73CB730B744B748B74CB740B754B75BB
:100D40008B75CB750B764B768B76CA764A778B771D
:100D5000CB7781F8203081F8213081F8223081F87A
:100D60002330C1F8253081F8293081F82A30887283
:100D70000E7781F8245081F82B3081F82C302F49E0
:100D80000B704B708B70CB700B718B71CB710B72C6
:100D90004A72CB720B734B738B73CB730B744B74A4
:100DA0008B74CB740B754B758B75CB750B764B7643
:100DB0008B76CA764B778B774C7188720877CB77B6
:100DC00081F8203081F8213081F8223081F82330F9
:100DD00081F8252081F8263081F8273081F82830E5
:100DE00081F8293081F82A3081F82B3081F82C30B5
:100DF00081F82D2081F82F2081F8303081F83130B2
:100E000081F8323081F8333081F8343081F8353070
:100E1000C1F8373081F83B3081F83C3081F83D3003
:100E20000EE000BF9B0A0020410F00206E0F002043
:100E3000AD0F00207C1C00206F1000209C100020B3
:100E400081F83E3081F8247081F82E6081F83650A8
:100E5000FA490B704B708B70CB700B718B71CB712F
:100E60000B724A72CB720B734B738B73CB730B7415
:100E70004B748B74CB740B754B758B75CB750B7674
:100E80004B768B76CA764B778B77CB7781F8203091
:100E900081F8213081F8223081F823304C7188723A
:100EA000087781F8247081F825C081F8263081F810
:100EB000273081F8283081F8293081F82A3081F8EC
:100EC0002B3081F82C3081F82D2081F82F2081F8EB
:100ED000303081F8313081F8323081F8333081F8A8
:100EE000343081F83530C1F8373081F83B3081F843
:100EF0003C3081F83D3081F83E3081F82E6081F839
:100F00003650CF490B704B708B70CB700B718B715F
:100F10000B724A724C71CC718872CB720B734B732B
:100F20008B73CB730B744B748B74CB740B754B75C9
:100F30008B75CB750B764B768B76CA764A778B772B
:100F4000CB7781F8203081F8213081F8223081F888
:100F50002330C1F8253081F8293081F82A3081F812
:100F60002B3081F82C300E7781F82450B5490B7066
:100F70004B708B70CB700B714B710B724A72CB72D2
:100F80000B734B738B73CB730B744B748B74CB746D
:100F90000B754B758B75CB750B764B768B76CA764E
:100FA0004A778B77CB7781F8203081F821308C71AC
:100FB000CC7188720E7781F8223081F82330C1F825
:100FC000253081F8293081F82A3081F82B3081F8DA
:100FD0002C3081F824509C490B704B708B70CB7077
:100FE0000B718B71CB710B724A72CB720B734B739B
:100FF0008B73CB730B744B748B74CB740B754B75F9
:101000008B75CB750B764C7188724B768B76CA7666
:101010004B778B77CB7781F8203081F8213081F8BE
:10102000223081F8233081F8243081F8253081F88E
:10103000263081F8273081F8283081F8293081F86E
:101040002B3081F82C3081F82D2081F82F3081F859
:10105000303081F8313081F8323081F8333081F826
:10106000343081F8353081F8363081F8373081F806
:10107000383081F83930087781F82A4081F82E001D
:1010800081F83A3081F83B3081F83C3081F83D30CE
:1010900081F83E3081F83F2081F8412081F84230CC
:1010A00081F8433081F8443081F8453081F846308A
:1010B00081F84730C1F8493081F84D3081F84E3021
:1010C00081F84F3081F8503081F8406081F8485005
:1010D0005E490B704B708B70CB700B718B71CB7149
:1010E0000B724A72CB720B734C7188724B738B7399
:1010F000CB730B744B748B74CB740B754B758B75F6
:10110000CB750B764B768B76CA764B778B77CB7716
:1011100081F8203081F8213081F8223081F82330A5
:1011200081F8252081F8263081F8273081F8283091
:1011300081F8293081F82A3081F82B3081F82C3061
:1011400081F82D30087781F8247081F82E3081F8ED
:101150002F3081F8303081F8313081F8323081F829
:10116000343081F8353081F8362081F8383081F814
:10117000393081F83A3081F83B3081F83C3081F8E1
:101180003D3081F83E3081F83F3081F8403081F8C1
:10119000413081F8423081F8433081F8443081F8A1
:1011A000453081F8463081F8473081F8482081F891
:1011B0004A2081F84B3081F84C3081F84D3081F86D
:1011C0004E3081F8334081F8370081F8496081F86A
:1011D0004F3081F85030C1F8523081F8563081F8E4
:1011E000573081F8583081F8593081F851501849FA
:1011F0000B704B708B70CB700B718B71CB710B7252
:101200004A72CB720B734B738B73CB730B744B742F
:101210008B74CB740B754B758B75CB750B764C71D2
:1012200088724B768B76CA764B778B77CB7781F843
:10123000203081F8213081F822300BE0DB100020D3
:10124000410A0020DC1B0020D514002026150020B8
:101250008015002081F8233081F8263081F827306E
:1012600081F8283081F8293081F82A3081F82B3034
:1012700081F82C3081F82D3081F82E3081F82F3014
:1012800081F8303081F8313081F8323081F83430F3
:1012900081F8353081F8362081F8383081F83930DE
:1012A000087781F8247081F825C081F8334081F8EF
:1012B000370081F83A3081F83B3081F83C3081F8D2
:1012C0003D3081F83E3081F83F3081F8403081F880
:1012D000413081F8423081F8433081F8443081F860
:1012E000453081F8463081F8473081F8482081F850
:1012F0004A2081F84B3081F84C3081F84D3081F82C
:101300004E3081F84F3081F85030C1F8523081F8BA
:10131000563081F8573081F8583081F8593081F8CB
:10132000496081F85150FA490B704B708B70CB704B
:101330000B71CB710B724A72CB720B734B738B7345
:10134000CB730B744B748B74CB740B754B758B75A3
:10135000CB750B764B768B76CA764A778B77CB77C5
:1013600081F8203081F8213081F8223081F8233053
:10137000C1F825304C718C7188720E7781F8245039
:1013800081F8293081F82A3081F82B3081F82C300F
:10139000E0490B704B708B70CB700B714B71CB7144
:1013A0000B724A72CB720B734B738B73CB730B74D0
:1013B0004B748B74CB740B754B758B75CB750B762F
:1013C0004B768B76CA768C7188720E774A778B77DC
:1013D000CB7781F8203081F8213081F8223081F8F4
:1013E0002330C1F8253081F8293081F82A3081F87E
:1013F0002B3081F82C3081F82450C7490B704B708A
:101400008B70CB700B714B718B710B724A72CB72FC
:101410000B734B738B73CB730B744B748B74CF71D7
:101420008872CB740B754B758B75CB750B764B76C1
:101430008B76CA764A778B77CB7781F8203081F824
:10144000213081F8223081F82330C1F8253081F82D
:10145000293081F82A3081F82B3081F82C300E7732
:1014600081F82450AD490B704B708B70CB700B71B1
:101470004B718B710B724A72CF718872CB720B7386
:101480004B738B73CB730B744B748B74CB740B7566
:101490004B758B75CB750B764B768B76CA764B7707
:1014A0008B77CB7781F8203081F8213081F822309A
:1014B00081F8233081F8252081F8263081F8273003
:1014C00081F8283081F8293081F82A3081F81CE031
:1014D00081F8247081F82B3081F82C3081F82D2090
:1014E00081F82F2081F8303081F8313081F83230A6
:1014F00081F8333081F8343081F83530C1F8373035
:1015000081F83B3081F83C3081F83D3081F83E3045
:1015100081F82E6081F8365081490B704B708B70CA
:10152000CB700B714B718B710B724A72CB720B7358
:101530004B738B73CB73CF7188720B744B748B743A
:10154000CB740B754B758B75CB750B764B768B7699
:10155000CA764B778B77CB7781F8203081F82130B2
:1015600081F8223081F8233081F8263081F8273045
:1015700081F8283081F8293081F82A3081F82B3021
:1015800081F82C3081F82D2081F82F2081F830301F
:1015900081F81CE081F8247081F825C081F82E6064
:1015A00081F8313081F8323081F8333081F83430CD
:1015B00081F83530C1F8373081F83B3081F83C3064
:1015C00081F83D3081F83E3081F8365055490B7036
:1015D0004B708B70CB700B714A718A71CA710B7230
:1015E000C1F80A308B73CB730B744B744D724E4938
:1015F0000B704B708B70CB700B718B714F71CB710B
:101600000B724A72CB720B734B738B73CB730B746D
:101610004B748B74CB740B754B758B75CB750B76CC
:101620004B768B76CA764A778B77CB7781F82030EA
:1016300081F8213081F8223081F82330C1F825303B
:1016400081F8293081F82A3088720E7781F8245089
:1016500081F82B3081F82C3034490B704B708B7033
:10166000CB700B718B71CB710B724A72CB720B7397
:101670004B738B73CB730B744B748B74CB740B7574
:101680004B758B75CB750B764B768B76CA764B7715
:101690008B774F71887281F81CE0CB7781F820300E
:1016A00081F8213081F8223081F8233081F825201B
:1016B00081F8263081F8273081F8283081F82930E8
:1016C00081F82A3081F82B3081F82C3081F82D20D8
:1016D00081F82F2081F8303081F8313081F83230B4
:1016E00081F8333081F8343081F83530C1F8373043
:1016F00081F83B3081F83C3081F83D3081F83E3054
:1017000081F8247081F82E6081F8365010E000BF17
:101710006E0A0020A41B002046160020731600202D
:10172000B21600209B130020301700205D17002008
:10173000FA490B704B708B70CB700B718B71CB7146
:101740000B724A72CB720B734B738B73CB730B742C
:101750004B748B74CB740B754B758B75CB750B768B
:101760004B768B76CA764B778B77CB7781F82030A8
:1017700081F8213081F8223081F823304F7188724E
:1017800081F81CE081F8247081F825C081F82630AA
:1017900081F8273081F8283081F8293081F82A3003
:1017A00081F82B3081F82C3081F82D2081F82F2002
:1017B00081F8303081F8313081F8323081F83330BF
:1017C00081F8343081F83530C1F8373081F83B305A
:1017D00081F83C3081F83D3081F83E3081F82E6050
:1017E00081F83650CE490B704B708B70CB700B71FB
:1017F0008B710B724A724F71CF718872CB720B73FF
:101800004B738B73CB730B744B748B74CB740B75E2
:101810004B758B75CB750B764B768B76CA764A7784
:101820008B77CB7781F8203081F8213081F8223016
:1018300081F82330C1F8253081F8293081F82A3029
:1018400081F82B3081F82C300E7781F82450B5497F
:101850000B704B70C1F80A308B70CB700B714B71F1
:101860000B728B73CB730B744B7481F806C081F8C9
:1018700007C04D72AC490B704B708B70CB700B7105
:101880004B7181F8068081F807800B724A72CB7227
:101890000B734B738B73CB730B744B748B74887299
:1018A000CB740B754B758B75CB750B764B768B7636
:1018B000CA764A778B77CB7781F8203081F8213050
:1018C00081F8223081F82330C1F8253081F82930A1
:1018D00081F82A3081F82B3081F82C300E7781F88E
:1018E000245092490B704B708B70CB700B714B7105
:1018F00081F8068081F807800B724A728872CB7279
:101900000B734B738B73CB730B744B748B74CB74E3
:101910000B754B758B75CB750B764B768B76CA76C4
:101920004B778B77CB7781F8203081F8213081F8A5
:10193000223081F8233081F8252081F8263081F883
:10194000273081F8283081F8293081F82A3081F851
:101950001CE081F8247081F82B3081F82C3081F85C
:101960002D2081F82F2081F8303081F8313081F836
:10197000323081F8333081F8343081F83530C1F8B5
:10198000373081F83B3081F83C3081F83D3081F8C8
:101990003E3081F82E6081F83650654981F8068026
:1019A00081F807806FF02F080B704B708B70CB7035
:1019B0000B714B710B724A72CB720B734B738B733F
:1019C000CB7388720B744B748B74CB740B754B7523
:1019D0008B75CB750B764B768B76CA764B778B7780
:1019E000CB7781F8203081F8213081F8223081F8DE
:1019F000233081F8263081F8273081F8283081F8AB
:101A0000293081F82A3081F82B3081F82C3081F888
:101A10002D2081F82F2081F8303081F81CE081F8EA
:101A2000247081F825C081F82E6081F8313081F86A
:101A3000323081F8333081F8343081F83530C1F8F4
:101A4000373081F83B3081F83C3081F83D3081F807
:101A50003E3081F8365037490B704B708B70CB702D
:101A60000B714B718C710B72C1F80A308B73CB7395
:101A70000B744B74CC714D722F490B704B708B7083
:101A8000CB700B718B714F71CB710B724A72CB7231
:101A90000B734B738B73CB730B744B748B74CB7452
:101AA0000B754B758B75CB750B764B768B76CA7633
:101AB0004B778B77CB7781F8203081F8213081F814
:101AC000223081F8233081F8243081F8253081F8E4
:101AD000263081F82730887281F81CE081F82830A0
:101AE00081F8293081F82B3081F82C3081F82D20B5
:101AF00081F82F3081F8303081F8313081F8323080
:101B000081F8333081F8343081F8353081F836305F
:101B100081F8373081F8383010E000BF9C17002082
:101B20007B140020DE120020F01200201D13002084
:101B30005C130020601200201A18002081F8393050
:101B400081F83A3081F83B3081F83C3081F83D3003
:101B500081F83E3081F83F2081F8412081F8423001
:101B600081F8433081F8443081F8453081F84630BF
:101B700081F84730C1F8493081F82A7081F82E0089
:101B800081F8406081F8485081F84D3081F84E303E
:101B900081F84F3081F85030FA490B704B708B70E0
:101BA000CB700B718B71CB710B724A72CB720B7352
:101BB0004B738B73CB730B744B748B74CB740B752F
:101BC0004B758B75CB750B764B768B76CA764F71D2
:101BD000887281F81CE04B778B77CB7781F82030C7
:101BE00081F8213081F8223081F8233081F82520D6
:101BF00081F8263081F8273081F8283081F82930A3
:101C000081F82A3081F82B3081F82C3081F82D3082
:101C100081F82E3081F82F3081F8303081F8313062
:101C200081F8323081F8343081F8353081F836204F
:101C300081F8383081F8393081F83A3081F83B301A
:101C400081F83C3081F8247081F8337081F83700D6
:101C500081F83D3081F83E3081F83F3081F84030E6
:101C600081F8413081F8423081F8433081F84430C6
:101C700081F8453081F8463081F8473081F84820B6
:101C800081F84A2081F84B3081F84C3081F84D3092
:101C900081F84E3081F84F3081F85030C1F8523021
:101CA00081F8563081F8573081F8583081F8593032
:101CB00081F8496081F85150B3490B704B708B70BB
:101CC000CB700B718B714F71CB710B724A72CB72EF
:101CD0000B734B738B73CB730B744B748B74CB7410
:101CE0000B754B758B75CB750B764B768B76CA76F1
:101CF0004B778B77CB7781F8203081F8213081F8D2
:101D0000223081F8233081F8263081F8273088721C
:101D100081F81CE081F8247081F825C081F8283012
:101D200081F8293081F82A3081F82B3081F82C3065
:101D300081F82D3081F82E3081F82F3081F8303045
:101D400081F8313081F8323081F8343081F8353023
:101D500081F8362081F8383081F8393081F83A300E
:101D600081F83B3081F83C3081F83D3081F83E30DD
:101D700081F83F3081F8403081F8413081F84230BD
:101D800081F8433081F8443081F8453081F846309D
:101D900081F8473081F8482081F8337081F83700A6
:101DA00081F8496081F84A2081F84B3081F84C3045
:101DB00081F84D3081F84E3081F84F3081F8503045
:101DC000C1F8523081F8563081F8573081F85830D8
:101DD00081F8593081F851506C490B7081F80180BD
:101DE000CB7081F802C00B714B71CB710B72C1F8D3
:101DF0000A308B73CB730B744B748C714D726449C6
:101E000081F801804FF007080B70CB7081F802C099
:101E10000B71C1F80A304B718B71CB710B728B73E4
:101E2000CB730B744B744D725A490B704B708B70A3
:101E3000CB700B714B71CB710B724A72CB720B73FF
:101E40004B738B73CB730B744B748B74CB740B759C
:101E50004B758C7188728B75CB750B764B768B7648
:101E6000CA764A778B77CB7781F8203081F821309A
:101E700081F8223081F82330C1F8253081F82930EB
:101E800081F82A3081F82B3081F82C300E7781F8D8
:101E9000245041490B704B708B70CB700B714B71A0
:101EA000CB710B724A72CB720B738C7188724B734D
:101EB0008B73CB730B744B748B74CB740B754B752A
:101EC0008B75CB750B764B768B76CA764B778B778B
:101ED000CB7781F8203081F8213081F8223081F8E9
:101EE000233081F8252081F8263081F8273081F8C9
:101EF000283081F8293081F82A3081F82B3081F898
:101F00002C3081F82D2081F81CE081F8247081F8B4
:101F10002E6081F82F2081F8303081F8313081F83F
:101F2000323081F8333081F8343081F83530C1F8FF
:101F3000373081F83B3081F83C3081F83D3081F812
:101F40003E3081F8365015490B704B708B70CB705A
:101F50000B714B71CB710B724A72CB720B734B735B
:101F60008B73CB730B744B748B748C718872CB74C2
:101F70000B754B758B75CB750B764B768B76CA765E
:101F80004B770DE06B180020C51800202F0F0020A4
:101F90005D100020840E0020B10E0020F00E002005
:101FA0008B77CB7781F8203081F8213081F822308F
:101FB00081F8233081F8263081F8273081F82830E5
:101FC00081F8293081F82A3081F82B3081F82C30C3
:101FD00081F82D2081F82F2081F8303081F83130C0
:101FE00081F8323081F8333081F81CE081F82470B8
:101FF00081F825C081F82E6081F8343081F83530C1
:10200000C1F8373081F83B3081F83C3081F83D3001
:1020100081F83E3081F83650FA490B704B708B7066
:10202000CB700B718B710B724A72CB720B734B734B
:102030008B73CB730B744B748B74CB740B754B75A8
:102040008B75CB750B764C71CC7188724B768B7619
:10205000CA764A778B77CB7781F8203081F82130A8
:1020600081F8223081F82330C1F8253081F82930F9
:1020700081F82A3081F82B3081F82C300E7781F8E6
:102080002450E1490B704B708B70CB700B718B71CE
:102090000B724A72CB720B734B738B73CB734C7195
:1020A000CC7188720B744B748B74CB740B754B753D
:1020B0008B75CB750B764B768B76CA764B778B7799
:1020C000CB7781F8203081F8213081F8223081F8F7
:1020D000233081F8252081F8263081F8273081F8D7
:1020E000283081F8293081F82A3081F82B3081F8A6
:1020F0002C3081F82D2081F82F2081F8303081F8A4
:102100001CE081F8247081F82E6081F8313081F86C
:10211000323081F8333081F8343081F83530C1F80D
:10212000373081F83B3081F83C3081F83D3081F820
:102130003E3081F83650B5490B704B708B70CB70C8
:102140000B718B710B724A72CB720B734B738B7367
:10215000CB730B744B748B74CB740B754B754C71C8
:10216000CC7188728B75CB750B764B768B76CA7675
:102170004B778B77CB7781F8203081F8213081F84D
:10218000223081F8233081F8263081F8273081F819
:10219000283081F8293081F82A3081F82B3081F8F5
:1021A0002C3081F82D2081F82F2081F8303081F8F3
:1021B000313081F8323081F8333081F8343081F8B1
:1021C0003530C1F8373081F81CE081F8247081F88F
:1021D00025C081F82E6081F8365081F83B3081F8B7
:1021E0003C3081F83D3081F83E3089490B704B70AE
:1021F0008B70CB700B714B710B724A72CB720B737D
:102200004B738B73CB730B744B748B74CB740B75D8
:102210004B758B75CB750B764B768B76CA768C713E
:10222000CC7188720E774A778B77CB7781F8203024
:1022300081F8213081F8223081F82330C1F825302F
:1022400081F8293081F82A3081F82B3081F82C3040
:1022500081F824506F490B704B708B70CB700B71F1
:102260004B710B724A72CB720B734B738B73CB73C4
:102270000B744B748B748C71CC718872CB740B752E
:102280004B758B75CB750B764B768B76CA764B7709
:102290008B77CB7781F8203081F8213081F822309C
:1022A00081F8233081F8252081F8263081F8273005
:1022B00081F8283081F8293081F82A3081F82B30D4
:1022C00081F82C3081F82D2081F82F2081F83030D2
:1022D00081F8313081F8323081F8333081F81CE0F8
:1022E00081F8247081F82E6081F8343081F835301F
:1022F000C1F8373081F83B3081F83C3081F83D300F
:1023000081F83E3081F8365043490B704B708B702A
:10231000CB700B714B710B724A72CB720B734B7398
:102320008B73CB730B744B748B74CB740B754B75B5
:102330008B75CB750B768C71CC7188724B768B76E6
:10234000CA764B778B77CB7781F8203081F82130B4
:1023500081F8223081F8233081F8263081F8273047
:1023600081F8283081F8293081F82A3081F82B3023
:1023700081F82C3081F82D2081F82F2081F8303021
:1023800081F8313081F8323081F8333081F83430DF
:1023900081F83530C1F8373081F83B3081F83C3076
:1023A00081F81CE081F8247081F825C081F82E6046
:1023B00081F8365081F83D3081F83E3017490B7076
:1023C0004B708B70CB700B71CB710B724A72CB72EE
:1023D0000B734B738B73CB730B744B748B74CB7409
:1023E0000B754B758B75CB750B764B768B76CA76EA
:1023F0004A778B774C718C7188720E77CB7781F826
:1024000020300DE0440C0020710C0020B00C0020A6
:10241000D90D0020060E0020450E00202E0D0020B4
:1024200081F8213081F8223081F82330C1F825303D
:1024300081F8293081F82A3081F82B3081F82C304E
:1024400081F82450FA490B704B708B70CB700B7174
:10245000CB710B724A72CB720B734B738B73CB7352
:102460000B744B748B74CB740B754B754C718C71F6
:1024700088728B75CB750B764B768B76CA764B77DD
:102480008B77CB7781F8203081F8213081F82230AA
:1024900081F8233081F8252081F8263081F8273013
:1024A00081F8283081F8293081F82A3081F82B30E2
:1024B00081F82C3081F82D2081F82F2081F83030E0
:1024C00081F8313081F8323081F8333081F834309E
:1024D00081F83530C1F8373081F81CE081F824707C
:1024E00081F82E6081F8365081F83B3081F83C301D
:1024F00081F83D3081F83E30CE490B704B708B70C7
:10250000CB700B71CB710B724A72CB720B734B7326
:102510008B73CB730B744B748B74CB740B754B75C3
:102520008B75CB750B764B768B76CA764C718C712E
:10253000887281F81CE04B778B77CB7781F820305D
:1025400081F8213081F8223081F8233081F826305B
:1025500081F8273081F8283081F8293081F82A3035
:1025600081F82B3081F82C3081F82D2081F82F2034
:1025700081F8303081F8313081F8323081F83330F1
:1025800081F8343081F83530C1F8373081F83B308C
:1025900081F83C3081F83D3081F83E3081F824707C
:1025A00081F825C081F82E6081F83650A2490B7061
:1025B0004B708B70CB700B718B71CB710B724A723D
:1025C000CB720B734B738B73CB730B744B748B7419
:1025D000CB740B754B758B75CB750B764B768B76F9
:1025E000CA764B778B77CB7781F8203081F8213012
:1025F0004C71887281F81CE081F8223081F8233018
:1026000081F8263081F8273081F8283081F8293088
:1026100081F82A3081F82B3081F82C3081F82D2078
:1026200081F82F8081F8303081F8313081F83230F4
:1026300081F8333081F8343081F83530C1F83730E3
:1026400081F83B3081F83C3081F83D3081F83E30F4
:1026500081F8247081F825C081F82E9081F83650D9
:1026600076490B704B708B70CB700B714C718C7109
:10267000CC710B724A72CB720B734B738B73CB732F
:102680000B744B748B74CB740B754B758B75CB754E
:102690000B764B768B76CA764B778B77CB7781F838
:1026A000203081F8213081F8223081F8233081F800
:1026B000263081F82730887281F81CE081F8247078
:1026C00081F825C081F8283081F8293081F82A3036
:1026D00081F82B3081F82C3081F82D2081F82F8063
:1026E00081F8303081F8313081F8323081F8333080
:1026F00081F8343081F83530C1F8373081F83B301B
:1027000081F83C3081F83D3081F83E3081F82E90E0
:1027100081F836504A490B704B708B70CB700B713F
:102720004B718B710B724A720B73CC7181F80AA0DA
:1027300081F80BC04B738B73CB730B744B748B741E
:10274000CB740B754B758B75CB750B764B768B7687
:10275000CA7681F81D808B77CB7781F8203081F89D
:10276000213081F8223081F82330C1F8253081F8FA
:10277000293081F82A3081F82B3081F82C3081F80B
:102780001C9081F824502F490B704B708B70CB70CC
:102790000B718B71CB710B724A720B734B738B7312
:1027A000CB730B744B748B74CB740B754B758B752F
:1027B000CB750B764B768B76CA7681F81D808B773E
:1027C000CB7781F8203081F8213081F8223081F8F0
:1027D0002330C1F825304C7181F80AA081F80BC074
:1027E00081F81C9081F8245081F8293081F82A3032
:1027F00081F82B3081F82C3013490B704B708B70A3
:10280000CB700B718B710B724A720B734B738B73A2
:10281000CB730B744B748B74CB740B754B758B75BE
:10282000CB750B764B768B76CA764C71CC710DE0FE
:102830005B0D00209A0D00202A090020EF0C0020DB
:10284000A8140020191600204E14002081F80AA0B8
:1028500081F80BC081F81C9081F81D808B77CB77B5
:1028600081F8203081F8213081F8223081F823303E
:10287000C1F8253081F8293081F82A3081F82B30D1
:1028800081F82C3081F82450FA490B704B708B7012
:10289000CB700B718B710B724A72CB720B734B73D3
:1028A0008B73CB730B744B748B744C71CC718872BB
:1028B000CB740B754B758B75CB750B764B768B7616
:1028C000CA764B778B77CB7781F8203081F821302F
:1028D00081F8223081F8233081F8252081F82630D4
:1028E00081F8273081F8283081F8293081F82A30A2
:1028F00081F82B3081F82C3081F82D2081F82F8041
:1029000081F8303081F8313081F8323081F833305D
:1029100081F81CE081F8247081F82E9081F8343021
:1029200081F83530C1F8373081F83B3081F83C30E0
:1029300081F83D3081F83E3081F83650CE490B7039
:102940004B708B70CB700B718B710B724A72CB72A8
:102950000B734B738B73CB730B744B748B74CB7483
:102960000B754B758B75CB750B764C71CC71887272
:102970004B768B76CA764B778B77CB7781F8203086
:1029800081F8213081F8223081F8233081F8243019
:1029900081F8253081F8263081F8273081F82830F9
:1029A00081F82A3081F82B3081F82C3081F82D20E5
:1029B00081F82F3081F8303081F8313081F83230B1
:1029C00081F8333081F8343081F8353081F8363091
:1029D00081F8373081F8383081F8393081F81CE0DF
:1029E00081F8294081F82E0081F83A3081F8418041
:1029F0004FF02D0881F83B3081F83C3081F83D30B4
:102A000081F83E3081F83F2081F8423081F8433030
:102A100081F8443081F8453081F8463081F84730FC
:102A2000C1F8493081F84D3081F84E3081F84F308F
:102A300081F8503081F8409081F848508F490B70F0
:102A40004B708B70CB700B714B718B710B724A7228
:102A5000CB720B7381F8078088724B738B73CB73C7
:102A60000B744B748B74CB740B754B758B75CB756A
:102A70000B764B768B76CA764A778B77CB7781F855
:102A8000203081F8213081F8223081F82330C1F8DC
:102A9000253081F8293081F82A3081F82B3081F8EF
:102AA0002C300E7781F8245075490B704B708B7069
:102AB000CB700B71CB710B724A72CB720B734B7371
:102AC0008B73CB730B744B748B74CB740B754B750E
:102AD0008B75CB750B764B768B76CA764A778B7770
:102AE000CB7781F8203081F8213081F8223081F8CD
:102AF0002330C1F8253081F8058081F8068088727E
:102B00000E7781F8245081F8293081F82A3081F835
:102B10002B3081F82C305B490B704B708B70CB7075
:102B20000B718B71CB710B724A72CB720B734B733F
:102B30008B73CB730B744B748B74CB740B754B759D
:102B40008B75CB750B764B768B76CA7681F80580C4
:102B500088720E774A778B77CB7781F8203081F8AF
:102B6000213081F8223081F82330C1F8253081F8F6
:102B7000293081F82A3081F82B3081F82C3081F807
:102B8000245041490B704B708B70CB700B714B71A3
:102B90008B710B724A72CB720B734B738B73CB734B
:102BA0000B744B748B7481F807808872CB740B752F
:102BB0004B758B75CB750B764B768B76CA764B77D0
:102BC0008B77CB7781F8203081F8213081F8223063
:102BD00081F8233081F8252081F8263081F82730CC
:102BE00081F8283081F8293081F82A3081F82B309B
:102BF00081F82C3081F82D2081F82F2081F8303099
:102C000081F8313081F8323081F8333081F81CE0BE
:102C100081F8247081F82E6081F8343081F83530E5
:102C2000C1F8373081F83B3081F83C3081F83D30D5
:102C300081F83E3081F8365014490B704B708B7020
:102C4000CB700B71CB710B724A72CB720B734B73DF
:102C50008B73CB730B744B748B74CB740B754B757C
:102C60008B75CB750B7681F8058081F806808872AC
:102C70004B760DE09F120020FD1300207212002001
:102C8000D013002030100020F1160020DB170020A8
:102C90008B76CA764B778B77CB7781F8203081F8AB
:102CA000213081F8223081F8233081F8252081F805
:102CB000263081F8273081F8283081F8293081F8D2
:102CC0002A3081F82B3081F82C3081F82D2081F8C2
:102CD0002F2081F8303081F8313081F8323081F89E
:102CE000333081F8343081F83530C1F8373081F82D
:102CF0003B3081F83C3081F81CE081F8247081F889
:102D00002E6081F8365081F83D3081F83E30FB4925
:102D10000B704B708B70CB700B718B71CB710B7216
:102D20004A72CB720B734B738B73CB730B744B74F4
:102D30008B74CB740B754B758B75CB750B764B7693
:102D40008B76CA764B778B7781F80580887281F80D
:102D50001CE0CB7781F8203081F8213081F82230D7
:102D600081F8233081F8252081F8263081F827303A
:102D700081F8283081F8293081F82A3081F82B3009
:102D800081F82C3081F82D2081F82F2081F8303007
:102D900081F8313081F8323081F8333081F83430C5
:102DA00081F83530C1F8373081F83B3081F83C305C
:102DB00081F83D3081F83E3081F8247081F82E6032
:102DC00081F83650CE490B704B708B70CB700B7105
:102DD0008B71CB710B724A72CB720B734B738B730B
:102DE000CB730B744B748B74CB740B754B758B75E9
:102DF000CB750B764B768B76CA764B778B77CB770A
:102E000081F8203081F8213081F8223081F8233098
:102E10004C718872087781F8247081F8255081F808
:102E2000263081F8273081F8283081F8293081F860
:102E30002A3081F82B3081F82C3081F82D3081F840
:102E40002E3081F82F3081F8303081F8313081F820
:102E5000323081F8333081F8343081F8353081F800
:102E6000362081F8382081F8393081F83A3081F8FD
:102E70003B3081F83C3081F83D3081F83E300B64C6
:102E800081F8443081F8453081F8463081F8473088
:102E900081F8376081F83F509A490B704B708B7006
:102EA000CB700B718B71CB710B724A72CB720B733F
:102EB0004B738B73CB730B744B748B74CB740B751C
:102EC0004B758B75CB750B764B768B76CA764B77BD
:102ED0008B77CB7781F8203081F821304C71887264
:102EE000087781F8223081F8233081F8263081F884
:102EF000273081F8283081F8293081F82A3081F88C
:102F00002B3081F82C3081F82D3081F82E3081F86B
:102F10002F3081F8303081F8313081F8323081F84B
:102F2000333081F8343081F8353081F8362081F83B
:102F3000382081F8393081F83A3081F83B3081F817
:102F40003C3081F83D3081F83E300B6481F84430EC
:102F500081F8453081F8247081F825C081F8376008
:102F600081F83F5081F8463081F8473066490B7050
:102F70004B708B70CB700B718B71CB710B724A7273
:102F8000CB720B734B738B73CB730B744B748B744F
:102F9000CB740B754B758B75CB750B764B768B762F
:102FA000CA764B778B774C7188720877CB7781F82C
:102FB000203081F8213081F8223081F8233081F8E7
:102FC000252081F8263081F8273081F8283081F8D3
:102FD000293081F82A3081F82B3081F82C3081F8A3
:102FE0002D3081F82E3081F82F3081F8303081F883
:102FF000313081F8323081F8333081F8343081F863
:10300000353081F8362081F8382081F8393081F860
:103010003A3081F83B3081F83C3081F83D3081F81E
:103020003E300B6481F8247081F8376081F83F509E
:1030300081F8443081F8453081F8463081F84730D6
:1030400032490B704B708B70CB700B718B71CB71E5
:103050000B724A72CB720B734B738B73CB730B7403
:103060004B748B74CB740B754B758B75CB750B7662
:103070004B768B76CA764C71887208774B778B7754
:10308000CB7781F8203081F8213081F8223081F827
:10309000233081F8243081F8253081F8263081F8FA
:1030A000273081F8283081F8293081F82B3081F8D9
:1030B0002C3081F82D2081F82F3081F8303081F8C4
:1030C000313081F8323081F8333081F8343081F892
:1030D000353081F8363081F8373081F8383081F872
:1030E000393081F83A3081F83B3081F83C3081F852
:1030F0002A4081F82E0081F83D3009E0DA150020E1
:10310000220B0020DA0A002069090020A01C002000
:1031100081F83E3081F83F2081F8412081F842302B
:1031200081F8433081F8443081F8453081F84630E9
:1031300081F84730C1F8493081F84D3081F84E3080
:1031400081F84F3081F8503081F8406081F8485064
:10315000D9490B704B708B70CB700B714B71CB716D
:103160000B724A72CB720B734B738B73CB738C7174
:1031700088720B744B748B74CB740B754B758B7599
:10318000CB750B764B768B76CA764B778B77CB7776
:1031900081F8203081F8213081F8223081F8233005
:1031A00081F8252081F8263081F8273081F82830F1
:1031B00081F8293081F82A3081F82B3081F82C30C1
:1031C00081F82D3081F82E3081F82F3081F83030A1
:1031D000087781F8247081F8313081F8323081F835
:1031E000333081F8343081F8353081F8362081F879
:1031F000382081F8393081F83A3081F83B3081F855
:103200003C3081F83D3081F83E300B6481F8443029
:1032100081F8453081F8463081F8473081F83760D1
:1032200081F83F50A5490B704B708B70CB700B71C0
:103230004B71CB710B724A72CB720B738C718872AB
:103240004B738B73CB730B744B748B74CB740B7588
:103250004B758B75CB750B764B768B76CA764B7729
:103260008B77CB7781F8203081F8213081F82230BC
:1032700081F8233081F8263081F8273081F8283012
:1032800081F8293081F82A3081F82B3081F82C30F0
:1032900081F82D30087781F8247081F825C081F8F5
:1032A0002E3081F82F3081F8303081F8313081F8BC
:1032B000323081F8333081F8343081F8353081F89C
:1032C000362081F8382081F8393081F83A3081F899
:1032D0003B3081F83C3081F83D3081F83E300B6462
:1032E00081F8443081F8453081F8463081F8473024
:1032F00081F8376081F83F5071490B704B708B70CB
:10330000CB700B714B71CB710B724A728C718872DE
:10331000CB720B734B738B73CB730B744B748B74BB
:10332000CB740B754B758B75CB750B764B768B769B
:10333000CA764B778B77CB7781F8203081F82130B4
:1033400081F8223081F8233081F8263081F8273047
:1033500081F8283081F8293081F82A30087781F8FF
:10336000247081F8255081F82B3081F82C3081F8B9
:103370002D3081F82E3081F82F3081F8303081F8EF
:10338000313081F8323081F8333081F8343081F8CF
:10339000353081F8362081F8382081F8393081F8CD
:1033A0003A3081F83B3081F83C3081F83D3081F88B
:1033B0003E300B6481F8443081F8453081F8463066
:1033C00081F8473081F8376081F83F503D490B70F4
:1033D0004B708B70CB700B714B718C71CB710B720E
:1033E0004A72CB720B734B738B73CB730B744B742E
:1033F0008B74CB740B754B758B75CB750B764B76CD
:103400008B76CA764B778B77CB7781F8203081F833
:10341000213081F8223081F8233081F8263081F87C
:1034200027308872087781F8247081F8257081F838
:10343000283081F8293081F82A3081F82B3081F842
:103440002C3081F82D3081F82E3081F82F3081F822
:10345000303081F8313081F8323081F8333081F802
:10346000343081F8353081F8362081F8382081F801
:10347000393081F83A3081F83B3081F83C3081F8BE
:103480003D3081F83E300B6481F8443081F845309E
:1034900081F8463081F8473081F8376081F83F5035
:1034A00009220021084B013AC3E9001103F1080386
:1034B000F9D1BDE8F08700BFB1090020F90900206B
:1034C0006A0B0020B20B0020FC0B00200000000063
:1034D000034BD968DA8A0123103293408B6170471D
:1034E0006008002000000000000000000000000054
:1034F000064B5A8A996801239340054A0869184087
:1035000002D0013AFAD10120704700BF60080020C4
:10351000B882010000000000000000000000000070
:10352000034BDA68D98A01238B409361704700BF4F
:103530006008002000000000000000000000000003
:10354000034B5B6818739A68D207FCD5187B7047E9
:1035500060080020000000000000000000000000E3
:1035600070B50D460646FFF7B3FFFFF7C1FFC4B2C3
:1035700024B1FFF7D5FF4FF0010070BD46F0800089
:10358000FFF7DEFF064B00F0700083F820002046B6
:10359000FFF7D6FF2870FFF7C3FF2046EDE700BF17
:1035A0006008002000000000000000000000000093
:1035B00038B5FFF78DFF0546FFF79AFFC4B224B177
:1035C000FFF7AEFF4FF0010038BD2846FFF7B8FF08
:1035D000054D85F8200000F07000FFF7A1FF85F889
:1035E00020002046F0E700BF600800200000000037
:1035F00010B50D4C3620FFF7DBFFC0B210B14FF015
:10360000010010BD94F82030002BF3D13320FFF7D8
:10361000CFFFC0B20028F2D13D20FFF7C9FF94F8D8
:1036200020000028F8D1ECE760080020000000002E
:1036300070B50D460646FFF74BFFFFF759FFC4B2C2
:1036400024B1FFF76DFF4FF0010070BD3046FFF76A
:1036500077FF2846FFF774FFFFF762FF2046F4E785
:10366000F8B5044616461D46FDF79AF80323276869
:1036700048008340DA4327EA0303236002232768D4
:1036800083403B43236001238B40002E2FD166688B
:1036900026EA03036360E36885401340E360E36860
:1036A000072945EA0305E560A36802EA03024FF033
:1036B0000203A260A26803FA00F343EA02038ABF8E
:1036C000A1F108028A0092000729A3608CBF04239D
:1036D00000230F211C44236A914023EA0103236243
:1036E0009DF81830216A93400B432362F8BD666849
:1036F0003343CFE70000000000000000000000009E
:10370000036813B5B3F1804F1CD1604A516A41F090
:1037100001015162116B21F001011163126B1A68F2
:10372000016942F080021A60C2690139DA624269B5
:10373000012A0CBF07220622032968D8DFE801F01E
:103740005F899199524A934209D102F50D32516A2B
:1037500041F002015162116B21F00201DDE74D4A97
:10376000934209D102F50C32516A41F004015162D1
:10377000116B21F00401D0E7474A934209D102F5C9
:103780000A32516A41F010015162116B21F01001AF
:10379000C3E7424A934209D102F50932516A41F026
:1037A00020015162116B21F02001B6E73C4A93429F
:1037B0000BD102F59832116A41F004011162D16A0D
:1037C00021F00401D162D26AA9E7364A934209D1B5
:1037D00002F59632116A41F008011162D16A21F0B6
:1037E0000801EFE7304A934299D102F59432116A09
:1037F00041F010011162D16A21F01001E2E79969EC
:1038000041EA02129A611A6A42F001021A621A68C7
:1038100042F001021A601E4A934232D002F58062E1
:1038200093422ED002F5803293422CD002F5806272
:10383000934228D002F5806293420CBF03230123F8
:103840000093027E018900234068FFF709FF02B060
:1038500010BD996941EA02329A611A6A42F0100277
:10386000D4E7D96941EA0212DA611A6A42F4807235
:10387000CCE7D96941EA0232DA611A6A42F480522D
:10388000C4E70223DCE70323DAE700BF0038024085
:1038900000040040000800400010004000140040F8
:1038A00000080140000C0140001001400000000031
:1038B00040F2C313064A1168013B03D101230220E1
:1038C00013737047086840690006F5D500207047FB
:1038D0002021002000000000000000000000000087
:1038E000064B1A6840F2C313013B01D10220704716
:1038F000116849694907F7D5002070472021002049
:10390000F8B516461D46FCF783FE032304460768F8
:103910004A009340D84327EA030323600223276821
:1039200093403B43236001238B40002E2BD16668DC
:1039300026EA03036360E368072903EA0003E36000
:10394000E368E360A36800EA03004FF00203A060AD
:10395000A06803FA02F343EA0003A3608ABFA1F15F
:1039600008038B009B0007298CBF042200220F2133
:103970001444226A994022EA01022262226A9D408E
:1039800015432562F8BD66683343D3E700000000A5
:10399000002238B53B4B1C681A736568042301226A
:1039A00028462189FFF7ACFF0423012228466189BC
:1039B000FFF7A6FF2268344B9A424AD103F5F2334F
:1039C000596A41F400115962196B21F4001119630D
:1039D000196B996941F400119961996921F40011F9
:1039E00099619B694FF6C070284B5968536818401D
:1039F000274B994243D9274BB1FBF3F3202B28BF28
:103A00002023184380B25060106820F001000004A9
:103A1000000C10604FF4967043434FF47A70B3FB80
:103A2000F0F3192001339BB21362E3684343B1FB07
:103A3000F3F189B2012938BF012141F44041D1613C
:103A4000136843F001031360536843F40063536049
:103A500038BD114B9A42C5D103F5F033596A41F490
:103A600080015962196B21F480011963196B9969FE
:103A700041F480019961996921F48001B0E7022342
:103A8000BFE700BF20210020005400408C08002028
:103A90007F841E0040420F000058004000000000DC
:103AA000024B1B681B685A699B69704720210020E4
:103AB000034B1B681A68136843F4807313607047E4
:103AC0002021002000000000000000000000000095
:103AD00040F2C31310B5084A1068013B02D101201F
:103AE000107310BD01684C698969E407F5D5890731
:103AF000F3D00020F5E700BF2021002000000000E7
:103B000040F2C312064B1B681968013A4B6905D095
:103B100013F4806002D19B07F7D5704701207047EE
:103B20002021002000000000000000000000000034
:103B3000034B1B681A68136843F4007313607047E3
:103B40002021002000000000000000000000000014
:103B50001B4B10B51C681B4A236893421BD11A4BA0
:103B60009A6942F400129A619A6922F400129A61E9
:103B70009A695A6A22F400125A621A6B22F40012ED
:103B80001A631B6B21896068FCF772FD6189BDE8CF
:103B90001040FCF76DBD0D4A9342F3D10A4B9A6970
:103BA00042F480029A619A6922F480029A619A69C9
:103BB0005A6A22F480025A621A6B22F48002DFE70A
:103BC00020210020005400400038024000580040EE
:103BD00008B5FFF7BDFF0122074B9988186810311F
:103BE0008A40826100BF00BF00BF00BF998818688B
:103BF000BDE80840FCF73CBDD41B002000000000DD
:103C000010B54FF08044626A0E4992B28B69DB07AF
:103C100011D48B69DB0510D48B6913F4F05F14BFEA
:103C200001200020636A9B1A9BB2B3F5E17F06D2A4
:103C30000428EBD010BD0420F4E70F20F2E70220A7
:103C4000F8E700BF003C0240000000000000000058
:103C500038B500F1006404F5002423680D468B425A
:103C600002D14FF0000038BD0D4B5A68D2070AD57B
:103C70000C4ADA600C4ADA604FF480729A615A6832
:103C800022F480725A60FFF7BBFFC3B213B92560FC
:103C9000FFF7B6FF024A536843F001035360E2E7BF
:103CA000003C0240EFCDAB89050403020000000098
:103CB000134B30B5596DE9B181421ED0013911F86D
:103CC000014F10F8012BA4F14103192B8CBF23469F
:103CD00004F12003A2F1410598BFDBB2192D9CBF6E
:103CE0002032D2B29B1A01D1002CE8D1B3FA83F072
:103CF000400930BD4FF0FF33F8E70023F6E700BF7F
:103D00000C22002000000000000000000000000065
:103D10002DE9FF41984601AB00251F460E469DF850
:103D20002810B6FBF2F4B64602FB146C2646BCF132
:103D3000090F5FFA8CF494BF30343734E4B29645FF
:103D400005F1010503F8014BEBD22E4600F15804B2
:103D5000464509D3013D2046795DFCF729FEC0B2F6
:103D600038B9002DF6D105E02046FCF721FEC0B29F
:103D700018B10D2004B0BDE8F0810136E8E700007D
:103D80002DE9F04F0B46074614464FF00A0B85B05D
:103D900000F158051E4616F8011B29B9284605B042
:103DA000BDE8F04FFCF72CBE252903D02846FCF7D0
:103DB000FFFD3AE093F801904FF0000AB9F1300F9F
:103DC00014BF4FF020099E1C16F8011BA1F130030F
:103DD000DBB2092B03D92A2904D114F8043B0BFBCD
:103DE0000A3AF1E72E2909D116F8011BA1F1300397
:103DF000092BF9D92A2901D10434F5E7632940D0E8
:103E000017D841296CD003D82529CFD03346C1E734
:103E1000532939D05829F9D153461022CDF80090B2
:103E2000384654F8041BFFF773FFC0B20028EDD0EA
:103E3000B4E7732928D01DD8642901D06929E5D1B8
:103E4000A04658F8044B002C07DA2D212846FCF731
:103E5000AFFDC0B20028A1D1644253460A222146D8
:103E60003846CDF80090FFF753FFC0B2002895D137
:103E70004446CBE77529C9D153460A22CDF80090B4
:103E8000CEE714F8041B91E72368B3B14FF00008A4
:103E900013F8082072B9AAEB080803F1FF3ABAF147
:103EA000FF3F02D01AF8011F49B9B8F1000F0DDC2D
:103EB0000434ABE708F10108EAE79846EBE7284647
:103EC000FCF776FDC0B20028E9D067E749462846EE
:103ED000FCF76EFDC0B208F1FF380028E5D05DE7C1
:103EE0004FF000082368D4F80890029363685FFAE3
:103EF00089FA0393039B434501DC0C3486E7B8F150
:103F0000000F10D1029B102213F8081030233846FE
:103F100000930223FFF7FCFEC0B200287FF43EAFFF
:103F200008F10108E6E7B9F1000FEBD05146284649
:103F3000FCF73EFDC0B20028E4D02FE700000000EF
:103F400038B51546FCF764FB032349000268C9B283
:103F50008B4022EA03020260C2688D4022EA03031A
:103F6000C360C3681D43C56038BD00000000000089
:103F7000F8B51546FCF74CFB032304464A000068DD
:103F8000D2B2934020EA030020600120276800FAA3
:103F900002F63E4326606668884026EA00006060BC
:103FA00060688D4005436560E16821EA0301E160D6
:103FB000E168E160A16821EA0303A3600223A1682C
:103FC00093400B43A360F8BD000000000000000018
:103FD000827981880068FFF7CBBF000000000000F5
:103FE00010B5084C2046FFF7F3FF0123A188226893
:103FF0008B40936100BF00BF00BF00BFBDE8104011
:10400000FFF7C6BCD41B0020000000000000000029
:1040100070B5164604460D46FCF7EAFA33462946C3
:104020002046BDE87040014AFCF7F2B921080008BB
:1040300070B505460C4642F2107640F2E73000219A
:104040004FF47A72E4FB06010023FCF719F92A46C3
:10405000014605F13C00BDE87040FFF7D9BF000004
:10406000436DD0F8C820D3F8051070B591420446CE
:104070000AD00268D3F80150D66845B9B047636DDD
:10408000D3F80520C4F8C820093363652CE090F804
:10409000C82059798A4229D2013284F8C82094F87C
:1040A000C92099798A4224D2013284F8C92094F82F
:1040B000CA20D9798A421FD2013284F8CA2094F8E2
:1040C000CB201B7A9A421AD2013284F8CB202046A8
:1040D000D4F8C810B047606DD4F8C820D0F80530C7
:1040E0009A420FD109306065002043E0D7D9013AE8
:1040F000D3E7DCD9013AD8E7E1D9013ADDE7E6D9DF
:10410000013AE2E794F8C8504379D0F80120AB4275
:104110001CBF0435B2FBF5F5817994F8C9300CBFAA
:104120000025013599421BBF191DB2FBF1F1002199
:104130000131A94294F8CA3038BF2946C579007ABE
:104140009D421BBF0433B2FBF3F3002301339942BA
:1041500038BF194694F8CB3098421BBF0433B2FBEA
:10416000F3F2002201329142204638BF1146FFF798
:104170005FFF012070BD0000000000000000000093
:1041800008B5FCF7FDF8094B18B972B6084A5A622F
:10419000FEE70022027582681B6899689142FBD293
:1041A0005A68036042601060586008BD341F0020E8
:1041B000808C0008000000000000000000000000EB
:1041C00008B5202383F31188FCF77AF8037D0021DA
:1041D000052B0BD8DFE803F0030A0A081B15FCF7D0
:1041E00087F881F3118808BD836919604FF0FF33A8
:1041F0008361FFF7C5FFFCF77BF8002383F3118889
:10420000F1E78169FCF7BCF88B6801338B60D0E97A
:10421000003213605A60E9E700000000000000006F
:104220001C4910B5FCF7ACF8D1F8AC40002C02DC0E
:104230004FF0020010BDFCF7A3F8013CD1F8943018
:10424000C1F8AC40046803F10802C1F894201C6076
:104250004068586001F190039A422CBF0B46D1F898
:104260009430C1F89430FCF78BF8D1F8A0300133CA
:10427000002BC1F8A0300ADCD1F89800064A036888
:10428000C1F898305A6000238361FFF779FF4FF03F
:104290000000CFE77020002008210020000000006F
:1042A00070B5FCF76DF8836C044613B13C30FCF735
:1042B0009FF904F1300504F10806636D1A78042AA9
:1042C000FDD8DFE802F0030A2838150023682046ED
:1042D0009B6898470128F0D170BDD3F801100933CD
:1042E00063650029E9D02046BDE87040FFF7A0BE15
:1042F000A26D013204BFD3F80120A265A26D2AB9D4
:104300004FF0FF320933A2656365D6E7236D013AAA
:104310006365A265D1E7D3F80130226D03EBC303D7
:104320001A4494F8613062651BB104F15C00FFF738
:1043300077FF0121D7E794F861301BB104F15C00ED
:10434000FFF76EFF626812B9C4E91422C4E7636B19
:10435000013A53F8041B6260AB4288BF3346636383
:104360004FF0FF3321656165A365A6E700000000FB
:10437000F8B5FCF705F8C36A044613B12030FCF722
:1043800037F904F1140504F10806A36B1A78042A1E
:10439000FDD8DFE802F0030A3748240023682046EE
:1043A0009B6898470128F0D1F8BDD3F80170073316
:1043B000A363002FE9D042F2107540F2E7300021EC
:1043C0004FF47A720023E7FB0501FBF759FF224601
:1043D0000146BDE8F84002F12000FFF719BEE26B8C
:1043E000013204BFD3F80120E263E26B2AB94FF037
:1043F000FF320733E263A363C7E7636B013AA3634A
:10440000E263C2E7D3F80130626BC3EBC3031A4423
:1044100094F84530A2631BB104F14000FFF700FFA0
:1044200022460A21D5E794F845301BB104F140003B
:10443000FFF7F6FE626812B9C4E90D22B4E7A3697A
:10444000013A53F8041B6260AB4288BF3346A36154
:104450004FF0FF336163A163E36396E70000000060
:10446000F8B5FBF78DFFC36A044613B12030FCF7A3
:10447000BFF804F1140504F10806A36B1A78042AA6
:10448000FDD8DFE802F0030A354423002368204604
:104490009B6898470128F0D1F8BD5F680833A36393
:1044A000002FEAD042F2107540F2E73000214FF4BD
:1044B0007A720023E7FB0501FBF7E2FE2246014684
:1044C000BDE8F84002F12000FFF7A2BDE26B013227
:1044D00004BF5A68E263E26B2AB94FF0FF32083337
:1044E000E263A363C9E7636B013AA363E263C4E7D2
:1044F0005A68636B03EBC203A36394F845301BB1A6
:1045000004F14000FFF78CFE22460A21D8E794F818
:1045100045301BB104F14000FFF782FE626812B91A
:10452000C4E90D22B8E7A369013A53F8041B62609D
:10453000AB4288BF3346A3614FF0FF336163A16391
:10454000E3639AE7000000000000000000000000A4
:1045500007B58169024649B9037F684600918DF825
:104560000530FFF75DFE03B05DF804FB043003B0D7
:104570005DF804EBFFF74CBD0000000000000000F8
:1045800013B500220446037F68468DF8053000927B
:10459000FFF746FE637F012B05D1204602B0BDE840
:1045A0001040FFF7D5BF02B010BD000000000000B2
:1045B000826A03460AB1836A1847406A18B15A6290
:1045C0008261FFF7DDBD70470000000000000000C1
:1045D0000148FFF7EDBF00BF6008002000000000A9
:1045E00008B50146FCF70CF9006920B100230B6106
:1045F0008361FFF7C5FDBDE80840FCF709B900007D
:1046000010B50D4CFBF7CCFE2169087520680368D6
:104610005C602360012320610375EFF309830A695D
:10462000243B9A4203D972B6044B6362FEE7BDE8AD
:104630001040FBF795BD00BF341F002030810008FB
:1046400030B50D4687B0FBF7ABFE013504460C4D87
:1046500012D02B690B4A01A8FBF7DAFE2046FFF7C0
:10466000CFFFFBF78DFE049B13B101A8FBF728FFDA
:104670002B69986907B030BDFFF7C2FFF8E700BFAC
:10468000341F0020C14100080000000000000000AD
:10469000034B1B69036098610320FFF7B1BF00BFA4
:1046A000341F002000000000000000000000000097
:1046B00038B5FBF775FE0023104D826829698361C8
:1046C0008B6804469A4203D8BDE83840FFF758BDCE
:1046D0000846FBF775FE012301462C612375EFF3B5
:1046E00009830269243B9A4203D972B6044B6B6278
:1046F000FEE72046BDE83840FBF732BD341F0020FE
:1047000030810008000000000000000000000000F0
:104710000C4B13B503F144020446196D0020FCF75D
:10472000D7F860B1002201A903F03AFB019B1B7886
:104730001BB92060184602B010BD0E23FAE74FF0F7
:104740000100F8E70C22002000000000000000003B
:104750000C4B13B503F144020446196D0020FCF71D
:10476000B7F860B1002201A903F01AFB019B1B7886
:104770001BB92060184602B010BD0E23FAE74FF0B7
:104780000100F8E70C2200200000000000000000FB
:104790000FB407B5054905AA05480192FFF7F0FADD
:1047A00003B05DF804EB04B0704700BF408100081F
:1047B0000C220020000000000000000000000000AB
:1047C0000EB403B503AA52F8041B04480192FFF784
:1047D000D7FA02B05DF804EB03B070470C2200205A
:1047E00001490248FFF7ECBF508100080C2200206D
:1047F000054BD3E90A210A4303D072B6034A5A6231
:10480000FEE70122DA627047341F00206081000851
:10481000202383F31188FFF7EBBF000000000000A6
:10482000202383F31188FFF7E3BF0000000000009E
:10483000054B9A6A12B9D96A002903DC72B6034A99
:104840005A62FEE7DA627047341F00207081000868
:104850002DE9F84391468846FFF7DAFFFBF790FD14
:10486000062804460FD84FF0010E2C4D0EFA00F624
:104870002B681E420CD00020FFF7DAFF002383F3E1
:104880001188BDE8F88372B6254B264A5A62FEE7C6
:1048900033432B60244B0134DA6945F8348042F00D
:1048A000807205EBC404C4F80490DA619A6A1F4F61
:1048B00042F080729A624FEA001C9B6A07EB00107C
:1048C000B8F1000F1AD069688368194214D1902496
:1048D000C37B03F1604202F5614282F8004303F0BA
:1048E0001F025B099B0003F160430EFA02F203F51D
:1048F0006143C3F880211A600E436E6007EB0C0120
:104900004B68497B1A6857F80C4022F00F021A6076
:104910000E228A40626000221A60ADE7302000203B
:10492000341F0020A08C000800380240C08C000812
:1049300008B5FFF76DFF20B972B6074B074A5A62F8
:10494000FEE701460820FFF77BFEFFF771FF00231B
:1049500083F3118808BD00BF341F0020708C00084D
:1049600080B501271C4E1D4C00212046B3681A4D0E
:1049700004F103082A68B5F804C0D2F810E007FA79
:104980000CFC1CEA0E0FA14614F8012B1AD0012AC8
:104990001ED0042A0CBF0322022204F8012CAA68AC
:1049A0009A4217D003B1984748460021AB68444566
:1049B00005F10C05DED103B198474FF43470FFF7D1
:1049C000B7FFD0E7023A012A8CBF01220422E4E7B4
:1049D0000322E2E70131EAE7681B00208C1B00207C
:1049E000112838B504468CBF39203620FEF7E0FD8B
:1049F00042F2107540F2E73000210023E4FB05018C
:104A00004FF47A72FBF73CFCBDE83840FFF790BFEB
:104A100038B50524094D013C14F0FF0403D10123EE
:104A200002202B7338BD2B681B68986910F00200B8
:104A3000F8D00A20FFF77CFFEDE700BF202100201F
:104A400008B5FFF7F5FE002383F3118808BD0000C9
:104A50000FB407B504AB53F8040B0193FFF7E0FE66
:104A60000146019A0448FFF78BF9FFF7E9FF03B00D
:104A70005DF804EB04B070470C2200200000000039
:104A800008B5054B28201968FFF7E2F8BDE8084093
:104A900002490348FFF7DCBF0808002080810008B6
:104AA0008F810008000000000000000000000000EE
:104AB00008B5054B2C201968FFF7CAF8BDE8084077
:104AC00002490348FFF7C4BF04080020A081000882
:104AD0008F810008000000000000000000000000BE
:104AE00008B5054B30201968FFF7B2F8BDE808405B
:104AF00002490348FFF7ACBF541C0020B0810008F6
:104B00008F8100080000000000000000000000008D
:104B100008B5054B34201979FFF79AF8BDE808402D
:104B200002490348FFF794BF541C0020C0810008CD
:104B30008F8100080000000000000000000000005D
:104B400038B5FFF765FFC5B225B11348FFF780FF01
:104B5000042038BDFEF7FCFFFEF71AFF0F4B1B6861
:104B60001C68656163695B0612D4FEF799FFFEF766
:104B70009FFFFEF7ADFFC0B260B9A0232361FEF72F
:104B8000BFFFC0B2002818BF1220FEF7D1FFE0E738
:104B90002369E7E70120F8E7E081000820210020F1
:104BA0001F4B1B7A372B2AD016D8172B29D00BD89E
:104BB000082B28D00D2B28D01A491B4A032B08BFDD
:104BC00011461A48FFF744BF1D2B20D01549184A3B
:104BD000262B08BF1146F4E7C02B1AD007D8502B5C
:104BE00019D01049134A862B08BF1146E9E7C52B97
:104BF00013D00C49104ACD2B08BF1146E1E70F49ED
:104C0000DFE70F49DDE70F49DBE70F49D9E70F4938
:104C1000D7E70F49D5E70F49D3E70F49D1E700BFE1
:104C2000281F00203A820008F08100084082000816
:104C30001382000820820008268200081A820008D9
:104C400005820008F7810008FE8100080C82000838
:104C5000338200082E8200082C8200080000000029
:104C60002DE9F74388468DF80700FFF7D1FEC0B263
:104C7000002840F08C80474C2668356868616B6975
:104C80005B060CD4FEF70CFFFEF712FFFEF720FFC9
:104C9000C0B230B10125284603B0BDE8F0832B69CE
:104CA000EDE7A0232B61FEF72BFFC0B210B1FEF79A
:104CB0003FFFEFE7FEF7F4FEFEF7FAFDC0B2002873
:104CC000E8D163680DF107025B680E27DA60B2690C
:104CD00031481A6001225A60FFF7A2FD63685A68E2
:104CE000136843F001031360FFF7D2FCFFF7A8FE3F
:104CF000636859680A6822F00F020A601A685B7BD1
:104D000007FA03F35360FEF7D3FDC0B20028C1D108
:104D1000FEF7CEFEFEF7DCFEC0B20028BAD1A1231A
:104D2000D4F80090D9F800603361FEF7E9FEC5B20F
:104D3000002DBCD13368184843F480633360FEF71C
:104D4000AFFEA368D9F81C205B68C3F80C801A601A
:104D500004225A60736843F480537360FFF760FD68
:104D6000A3685A68136843F001031360FFF790FCCF
:104D7000FFF766FEA36859680A6822F00F020A600E
:104D80001A685B7B9F405760FEF7D2FE83E70425DD
:104D900081E700BF2021002030210020000000001A
:104DA0002DE9F347044642F2107540F2E730002146
:104DB0004FF47A72E4FB05010023FBF761FA4FF030
:104DC000804306465F6A3446FEF712FC4FF40069E2
:104DD000494DDFF82881BFB23A20C5F81890FEF798
:104DE000E7FB3420FFF71CFDFEF7E2FBD8F81020AC
:104DF00084B9FFF725FE3620FEF7DAFB4FF000639B
:104E0000AB614FF080435C6AE41BA4B2A64270D948
:104E1000341BE1E73A4B214643F8242F93610320EA
:104E2000FFF70EFCFFF70CFE0130E4D078200DF107
:104E30000701FEF795FBC0B20028DFD19DF90730CE
:104E4000002BDBDAFEF744FBFEF752FBC0B210B1D9
:104E5000FEF766FBD2E7DFF8ACA0FF20FEF770FBA1
:104E6000082154460020FEF76BFB013911F0FF01C9
:104E70008DF807000AF8010BF4D10846FEF760FB35
:104E800082460846FEF75CFBFEF74AFB0FFA8AF300
:104E90007F2BC4BFAAF5807A0FFA8AF303EBD37392
:104EA0005B104A3BE3714FF00063AB61164BD4F8E3
:104EB00000C01868034653F8042BD10001F1040E1A
:104EC00086449E450AD84318C3F804C06168222A64
:104ED00098BF0132996098BF026092E7D3F800A0B2
:104EE000E24504D1C3F800C062685A6089E708331C
:104EF000E7E702B0BDE8F08700040240341F00205D
:104F0000600800208F1B0020000800200000000027
:104F100083B59B4E9B4F9C4D6A68A2F10903012B00
:104F200001D8002034E0994C2B68236000232371C2
:104F30006371A371E3710F2AF3D801A151F822F034
:104F4000814F00088B4F0008055000080F500008E3
:104F50001350000849500008515000085D500008E7
:104F600063500008234F0008234F0008234F000818
:104F70006B5000087D5000088D50000899500008C3
:104F8000A37943F01003A3713FE001206371207106
:104F90006B680F2B00F2AE807D4A12F80380002868
:104FA00040F0AD80B8F1000F79D13920FEF700FB59
:104FB0004FF40760FFF7BCFC764B297A1A788A42D7
:104FC00003D03E201970FEF733FB734A1368013398
:104FD000032B13609FD900201060FFF721FC0B23E7
:104FE0006E4A6F4914688DF805306E4B00948C4200
:104FF00018BF0B46186068461360FFF711F9FFF7FA
:105000001FFD88E70222227163710120C0E703229D
:10501000F9E7DFF8948198F80300002881D0FFF7C2
:10502000FFFBB8F900303BB1A380A37943F0010343
:10503000A371FFF705FDABE798F80230002BF8D01D
:10504000A37943F00203F3E74FF0FF332371DBE76B
:105050006FF0010323714FF0FF33D5E76FF00203C8
:10506000F8E7A37943F004038DE7FBF779FB0338F6
:105070000128CAD8A37943F0080384E74FF0FF332F
:1050800023716371A37943F002037CE76FF001039E
:1050900023714FF0FF33F4E76FF00203F8E7D820F5
:1050A000FFF77EFE3920FEF783FA41F6501081E7C4
:1050B000FFF796FC3EE07F20FEF742FA0821DFF87A
:1050C000CCA01AF8010B0139FEF73AFA11F0FF01F2
:1050D000F7D143E0A4EB840404F1D500B8F1000F4C
:1050E00005D0B9F1000F02D1FFF75AFE42E0FFF7F9
:1050F00077FC3FE000283FF458AF4FF000084FF036
:10510000000943F23904294B1A6807FB02441C606A
:10511000482324F00044B4FBF3F203FB12444CB1E7
:1051200004EB4400B8F1000FC2D0B9F1000FBFD1B9
:10513000FFF736FE4FF48063B361FEF759FA35206E
:10514000FEF736FAFFF76CFB0022194B9A62FEF766
:10515000BFF9FEF7CDF9C0B20028ACD01548FEF774
:10516000DFF9FFF795FAFFF76BFC4FF08063472CF0
:10517000B361AFD109F10109B9F1040FC1D11BE746
:10518000000402406D4EC641281F0020971B0020DE
:10519000F08800085C1C00201C1100200008002082
:1051A00020190020441A0020F21C0020981E002024
:1051B00060080020840800200000000000000000BB
:1051C00010B504461148FFF72BFB436B6BB94FF04A
:1051D000FF324360C369C0E90D44C2638361FFF7D6
:1051E0003FF9BDE81040FFF72BBC4268032AF8D80E
:1051F000C36900F1080143F8044B00F11404A34211
:1052000088BF0B460132C3614260EAE7CC2300202D
:1052100010B5FFF705FB4FF0FF3304460648C363A4
:1052200000234360C369C0E90D448361FFF718F9A7
:10523000BDE81040FFF704BCCC23002000000000B4
:1052400008B50A4B1A68104420EAE070B0F5615FB7
:10525000A8BF4FF46150824207D01860FFF710FCDE
:10526000BDE808400248FFF7D3BF08BD080800208A
:10527000708B00080000000000000000000000002B
:1052800045F2604108B5094B1A68101A20EAE0702F
:105290008842A8BF0846824207D01860FFF708FC82
:1052A000BDE808400248FFF7B3BF08BD040800206E
:1052B000708B0008000000000000000000000000EB
:1052C00010B5FFF7ADFA4FF0FF3304460648C3634D
:1052D00000234360C369C0E90D448361FFF748F8C8
:1052E000BDE81040FFF7ACBBC01E0020000000006E
:1052F00010B504461148FFF793FA036D73B96CB10A
:105300004FF0FF324360836BC0E91444826543630E
:10531000FEF7C6FFBDE81040FFF792BB42680A2ABD
:10532000F8D8836B064943F8044BA1F128048B425B
:1053300088BF2346013283634260EBE734210020BB
:1053400064210020000000000000000000000000B8
:105350000E4A137923B91368002BD4BF002301230D
:1053600042F27E510A4A12688A4206DD09480A4A18
:10537000002B08BF1046FFF7BBBFB2F5965FA7BF73
:105380000648074A0748084AF2E700BF541C0020B5
:1053900008080020F116002072120020DB17002000
:1053A000D0130020DA15002030100020000000008B
:1053B00038B500234FF461511C4A13601C4A116038
:1053C00045F260411B4A116019461B4A1360137174
:1053D0001A4A138053801A4AC2E90033C2E90233E1
:1053E000C2E904339361174A42F833100133092BA1
:1053F000FAD1154B0C2059680023144C00FB03F222
:105400001559A94209D1144461681148FFF720FBDE
:10541000A068BDE83840FFF76BBF01330F2BEDD11B
:105420000C48BDE83840FFF713BB00BFA01B0020AD
:105430000808002004080020541C0020F21C002052
:10544000601C0020FC0B0020281F00202089000881
:10545000508200085D82000800000000000000008B
:10546000F8B5374D00262C46A279A188013654F8AC
:10547000080BFEF765FD082EF6D10024012726460D
:105480002868A988036907FA01F21A4204BF07FADB
:1054900006F3234306F1010608BFDCB2FBF7E8F888
:1054A000082E05F10805EBD1264D2B68A3421CD030
:1054B00021462548FFF7CCFA04F00F030B2B8CBFD5
:1054C000C023224A224898BFD35C224A2C60137220
:1054D0000023210950F82340A14208D003332D2B8B
:1054E000F8D11D48FFF7B4FA25E01B2026E05160F3
:1054F000FFF75EFF194B1A499A6A45F2B960B2F597
:10550000615F88BF4FF461520A6045F26041DA6A18
:1055100002F25924844288BF0A4612490A601A6B73
:105520001149B2F5E15F88BF00220A605B6B012B75
:1055300000D000230B71FFF733FB0920F8BD00BF3B
:10554000B40800200C08002070820008608B00085E
:1055500020890008281F00207E820008000008081B
:105560000808002004080020541C0020000000004F
:1055700010B50B4C6060FFF71BFFFFF781FAFFF7D8
:1055800097FAFFF7ADFAFFF7C3FA61682420FEF738
:105590005FFBBDE8104003490348FFF759BA00BF5D
:1055A000281F0020A08200088F8100080000000052
:1055B00010B5194C014620723620FEF749FB1749F9
:1055C0001748FFF745FAFFF7EBFA237A862B1DD031
:1055D0000BD8372B18D004D81D2B0ED0262B11D06A
:1055E00010BD502BFCD10F4808E0C52B12D0CD2B9D
:1055F0000ED0C02BF4D10C4800E00C48BDE81040A0
:10560000FFF776BE0A48F9E70A48F7E70A48F5E7E0
:105610000A48F3E70A48F1E7281F0020B082000893
:105620008F810008A01C0020B20B0020220B00205C
:10563000DA0A002069090020B1090020F9090020D8
:105640006A0B0020000000000000000000000000C5
:1056500008B50548FFF7FCF90448FFF749FEBDE827
:1056600008400348FFF72CBEC08200082A0900202A
:10567000F08A0008000000000000000000000000A8
:1056800010B504468548FFF7E3F9631E1A2B00F2B4
:10569000F980DFE813F01B002A00420053006A0083
:1056A0007F008A00910096009B00A000A500AA0040
:1056B000AF00B400B900BE00C300C800CD00D400E4
:1056C000D900DE00E300E800ED00F2007448FFF7C7
:1056D0000FFE7448FFF7BCF9FFF76AFEFFF7D0F939
:1056E000FFF7E6F9FFF7FCF939E06F48FFF700FE36
:1056F0006E48FFF7ADF96E4B5B68092B02D00C2B9F
:1057000006D07BBB4FF49660FFF79AFD6948C1E075
:105710004FF49660FFF7B4FDF8E76748FFF7E8FD40
:105720006648FFF795F9624B5B68092B02D00C2B9A
:1057300002D0BBB96248E7E76148EBE76148FFF791
:1057400087F95B4B5A680C2A0CD85F4B1341DA0778
:1057500008D45E48FFF7CCFD01225D4B1A71FFF7BC
:10576000D7F9D3E7FFF774FFD0E75A48FFF770F98E
:105770004F4B5A680C2AF5D8534B1341DB07F1D431
:105780005548FFF7B5FD4FF46162514B1A60FFF7C2
:10579000A7F9BBE75148FFF7ABFD5148FFF758F9B0
:1057A00000224B4B1A711A609CE74E48FFF750F9E4
:1057B0000920FFF7DDFEA9E74B48FFF749F9002074
:1057C000F7E74A48FFF744F90C20F2E74848FFF7AB
:1057D0003FF90A20EDE74748FFF73AF90120E8E7EB
:1057E0004548FFF735F90220E3E74448FFF730F971
:1057F0000320DEE74248FFF72BF90520D9E74148AF
:10580000FFF726F90620D4E73F48FFF721F90720E4
:10581000CFE73E48FFF71CF90D20CAE73C48FFF7E9
:1058200017F90E20C5E73B48FFF712F90F20C0E734
:105830003948FFF70DF91D20FFF7BAFE66E7374834
:10584000FFF706F92620F7E73548FFF701F937207B
:10585000F2E73448FFF7FCF85020EDE73248FFF755
:10586000F7F88620E8E73148FFF7F2F8CD20E3E7C4
:105870002F48FFF7EDF8C520DEE72E48FFF7E8F8E0
:10588000C020D9E721462C48FFF7E2F82B48FFF764
:105890002FFD2B48BDE81040FFF712BDDB85000847
:1058A000EF0C0020D0820008A8140020D782000846
:1058B000281F0020808A000819160020DE820008B8
:1058C00050FBFFFFE6820008FEEDFFFF4E140020B4
:1058D000541C0020F28200089F120020FD130020BB
:1058E000FC820008088300081B8300082E83000840
:1058F0003E8300084D830008628300087783000818
:105900008C830008A2830008B8830008CE830008B7
:10591000E9830008048400081F840008318400081B
:1059200043840008548400086584000876840008D5
:105930008784000899840008AB8400082A090020A5
:10594000F08A0008000000000000000000000000D5
:1059500010B50D4C236820691A685460226001223A
:105960001A752361FAF72CFD0146EFF309830269EA
:10597000243B9A4203D972B6044B6362FEE7206966
:10598000BDE81040FAF7ECBB341F0020308100085E
:1059900008B5FAF705FDFAF7F3FC064B1A681B6920
:1059A00092689B689A4203D9BDE80840FFF7D0BFD0
:1059B00008BD00BF341F00200000000000000000F0
:1059C00010B5FEF72DFFFEF72BFC0446FFF7E0FFB6
:1059D000FFF736F8204610BD000000000000000070
:1059E0002DE9F34106460C4600254FF002084FF41E
:1059F0001067EBB2A34202D302B0BDE8F081F25CC3
:105A0000032A09D100220092684601978DF80130DF
:105A1000FFF7D6FF0135ECE7042AFBD1CDF8008073
:105A2000F2E700000000000000000000000000009D
:105A300008B5FEF7EDFE044B1B6998610F20BDE829
:105A40000840FEF7DDBD00BF341F0020000000004D
:105A5000EFF30983203383F30988002383F311884C
:105A6000704700000000000000000000000000007F
:105A7000704700000000000000000000000000006F
:105A8000704700000000000000000000000000005F
:105A9000704700000000000000000000000000004F
:105AA000FEE7000000000000000000000000000011
:105AB000F0B5082000261049D1E901341D460A68D6
:105AC000043AAC4210D8E21CD21ADD1E22F00302C6
:105AD000AC4238BF00221344CA689A4209D8013840
:105AE00001F11001E8D1F0BD52F8047F45F8047BC4
:105AF000E7E743F8046BF0E7308D00080000000092
:105B000008B50548FAF70CFCFAF752FDFAF720FC45
:105B1000BDE80840FAF71CBDC08C0008000000007A
:105B200008B50548FAF7FCFBFAF742FDFAF710FC56
:105B3000BDE80840FAF70CBDD08C0008000000005A
:105B400008B50548FAF7ECFBFAF732FDFAF700FC66
:105B5000BDE80840FAF7FCBCE08C0008000000003B
:105B600008B50548FAF7DCFBFAF722FDFAF7F0FB77
:105B7000BDE80840FAF7ECBCF08C0008000000001B
:105B800008B50548FAF7CCFBFAF712FDFAF7E0FB87
:105B9000BDE80840FAF7DCBC008D000800000000FA
:105BA00008B50548FAF7BCFBFAF702FDFAF7D0FB97
:105BB000BDE80840FAF7CCBC108D000800000000DA
:105BC00008B50548FAF7ACFBFAF7F2FCFAF7C0FBA8
:105BD000BDE80840FAF7BCBC208D000800000000BA
:105BE0004FF080522DE98048BB4B9BB05A62A3F521
:105BF000E4335A68D706FCD41A6842F4C0521A60DB
:105C00005C6814F01004FBD1B34A4FF48030536841
:105C10004FF4802523F4604343F4404353604FF432
:105C20000033CDE91203AD4BAD4ECDE91453AD4B6E
:105C3000AD4ACDE91663AD4B1068516818930BABB4
:105C400003C3127A19941A70A94B0EAD1F4603F1C3
:105C500010062A4618685968083303C2B34215462D
:105C6000F7D17168386909AB03C39B498B68C3F3EB
:105C70008103022B00F08483032B00F06B83012B44
:105C800000F080834B681AAAC3F3423302EB83030C
:105C900053F8202C904BDFF85C929968964EC1F334
:105CA00003116831694411F8301CCA40C9F800205A
:105CB00099689868C1F30221C0F3C2206831683046
:105CC0006944684410F8440C11F8441C22FA01F1AC
:105CD000C240C9F80410C9F808201A6942F07F428E
:105CE00042F47F0242F4FF4242F040021A611A6914
:105CF00022F4FF4222F040021204120C1A611A69C7
:105D00009A6962F080529A619A6902F080529A61AF
:105D10009A695A694FF0FF325A615A6900225A61F2
:105D20005869586A40F080505862186B40F08050B3
:105D3000186310461B6B714BC3E9002206EB840508
:105D40006D682A6003EB440504341C2CAA60F5D16D
:105D50004FF0FF346A4B80265C60A3F520535D6AE8
:105D600045F001055D621D6B45F001051D63654D44
:105D70001B6BAB6843F00103AB6042F21073B1FBE5
:105D8000F3F14FF08043214499624FF6FF71D962DD
:105D900001214FF080559A615A63DA605A60596167
:105DA0001960594B83F81C63C3F880511D60574D2F
:105DB00005F11403C5E9053305F130032B61544B9C
:105DC000C5E90A222B64534BAA60EC61AE63A5F8C7
:105DD00044102A84C5E90055D9684F4A21F4E0618E
:105DE0000904090C0A43DA60D3F8FC204B4942F05D
:105DF0008072C3F8FC200A6842F001020A60102297
:105E0000DA77202283F8222080F3118862B6444B8F
:105E1000B0271C465522013F03F8012BFBD1FEF7AA
:105E2000F7FCFAF7ADFA3F4B3F48C4E91B373F4B4D
:105E3000C4F89C00C4F88C300123C4F898300223C5
:105E4000C4F8A040A4F8A4302430FEF731FCFEF7DB
:105E5000EFFC87F31188364CDFF8D88004F1A403F7
:105E6000C4E929331223C4F8AC3004F19803C4E91F
:105E700026330723D8F86060C4E92444B189C4F804
:105E8000A07000933A463B46B068FDF7E9FB7368A3
:105E9000294A934240F0788202F58032116A41F437
:105EA00080411162D16A21F48041D162D26AD9F86D
:105EB000082031684FF0000AB2FBF1F29A601F49E6
:105EC0001F4AB069C3F810A0FEF7C2FCD8F86060A2
:105ED0004368726836E000BF003802409CFF07004C
:105EE000C0FD0F0068FF1F0097870008D0FE3F002D
:105EF000B08000088C080020C08C000830200020F2
:105F000000600240002004E000E100E0341F0020B7
:105F10000004002000ED00E00003FA05001000E09E
:105F2000801F002001040008EC1F00207101000800
:105F3000702000200C220020003801406109000878
:105F400064220020C8F85800111D9960316A196058
:105F500001230C2188F86C31D160C02151610722E6
:105F6000B18A009230691A46FDF77AFB52465146D3
:105F7000F069FEF76DFCD8F8601043684A68C8F80D
:105F80005C00101D9860BF4840F2D24ED86040209F
:105F90006FF00206496A586019601968DFF8E8C2B4
:105FA00041F001011960D368B84843F40053D3604D
:105FB000B74BB8491A6D12925A6D13925B6E12AAC2
:105FC000149352F8043B01360CFB03F34FEA73437E
:105FD00000FB03F383EA0E034FEAF34303EB83036F
:105FE00003EB010EEDD18EF00C03AB4A83EA1E43A6
:105FF0005343AA4A83EA53335343A94A83EA1343D8
:106000001360A849A84AA948FEF722FDD9E9000271
:10601000A749D9F80830B2FBF1F2B3FBF1F3B0FBBA
:10602000F1F1A448FEF714FD994ADFF88C82D2E919
:106030001431526E0B441344A04A08F1CC00136093
:10604000FDF7C6FF08F16400FDF75AFBD8F8C4A0BD
:1060500008F164005146FAF7F3FB08F18400FDF7FC
:106060004FFB514608F18400FAF7EAFB08F1A4005F
:10607000FDF746FB514608F1A400FAF7E1FB314673
:1060800040461296FAF744FB8D488E4EFDF738FBDA
:106090008D48FDF735FB8D48FDF79AFFFDF758FD5C
:1060A000FDF776FC3368324689491869D3F80080D9
:1060B000FEF7CEFB33688649324670605869FEF7BA
:1060C000C7FB7368B0605A6808F1100393604268B8
:1060D000804E93608048FEF7A3FBFEF739FA304606
:1060E000FEF7AEFCFAF75CFB3368DFF8F0A123F4AF
:1060F00040133360336843F480133360736823F4D0
:106100008063736073687360F36823F44013F36013
:10611000F368F360B36823F44013B360B36843F4E7
:106120000013B360FAF73CFB3368DAF8048023F419
:1061300040033360336843F480033360736823F4AF
:106140000063736073687360F36823F44003F36063
:10615000F368F360B36823F44003B360B36843F4B7
:106160000003B3605E4B984500F02C81A3F57843A3
:1061700098450CBF4FF0050B4FF0060B0022BAF804
:106180001610DAF80C00FDF7F3FEDAF808005B46AB
:106190000022BAF810100690FDF7B2FB5B46002211
:1061A000BAF812100698FDF7ABFB5B460022BAF86E
:1061B00014100698FDF7A4FBBAF81C10DAF81800C2
:1061C0009AF81E200691FDF7BBFE4FF00F0E454BCF
:1061D00006991A6AB04242F001021A62DA6A22F0A3
:1061E0000102DA62DB6A01F47F7303F1804303F595
:1061F000803301F00302D3F808C04FEA82020EFA9E
:1062000002FE2CEA0E0CC3F808C040F0DE8001202C
:106210009E6800FA02F232439A600122324B8A40B1
:10622000196811431960596821EA02015960996897
:1062300021EA02019960D9681143D9605A61FDF7DA
:106240006FF9274B984540F0D98003F584331A6ADB
:1062500042F480521A62DA6A22F48052DA62DB6A0D
:106260004FF44173C8F800301D4B98450CBFD9F866
:106270000820D9F804201D4BB2FBF3F3802B00F368
:10628000CD8035E08C230020512D9ECC9335871B8B
:106290000000F81F646B54E66BCAEB8535AEB2C2E2
:1062A000281F0020DF840008D1840008F184000842
:1062B00040420F000585000834210020981E002070
:1062C0001424002020210020081F0020D41B0020BF
:1062D000E145000800040240A01E002060080020E4
:1062E000003001400038024000040140A02E63004D
:1062F000402B00F39580202B00F39480102B00F3AB
:106300009380082B00F39280042B00F39180022BE2
:10631000D4BF00230123D8F80020302042EAC30371
:10632000C8F800300023C8F80430D8F8003043F033
:106330004003C8F80030FDF73BF9C0B2002879D01F
:10634000514B52485A68136823F040031360FEF71C
:106350007FFB8AE08B684E48C3F3834368336B440A
:1063600013F83C2C8B688968C3F3815311F4803F88
:10637000484918BF01464A430133B2FBF3F289E4AE
:10638000434A87E4434A85E4434A93420DD102F5E8
:10639000FA32516A41F400315162116B21F400313B
:1063A0001163126BD9F8042083E53C4A9342F9D17A
:1063B00002F5F832516A41F480215162116B21F4E7
:1063C0008021EDE74FF0050BD8E6354EB04202D103
:1063D00002209E681DE7334EB04202D103209E6822
:1063E00017E7314EB04202D104209E6811E72F4ECC
:1063F000B0427FF412AF07209E680AE72C4B984505
:106400007FF42EAF03F500335A6A42F480425A6299
:106410001A6B22F480421A631B6B21E707237AE789
:10642000062378E7052376E7042374E7032372E75E
:10643000022370E707210620FDF7FAF8C3B20BB17B
:106440001C4884E78DF8480012A90620FDF788F85B
:106450005FFA80F8B8F1000F13D19DF84860072E5D
:1064600032D031461448FEF7F3FAFEF7D9F94FF06F
:10647000FF3312488365124BC0E914330023436095
:10648000CFE0104863E700BF6008002034850008B3
:10649000001BB7000024F400004400400048004006
:1064A00000080240000C02400010024000140240AC
:1064B00000380040418500084C8500083421002048
:1064C000F4080020618500083A20FDF771F82021CA
:1064D0000D20FDF7ADF825210E20FDF7A9F8ED21DF
:1064E0000F20FDF7A5F8A0211320FDF7A1F8E62164
:1064F0001420FDF79DF808211820FDF799F8314682
:106500000320FDF795F83F214046FDF791F806215D
:106510000220FDF78DF80C213046FDF789F8442163
:106520000820FDF785F850213E20FDF781F831461F
:106530001620C04EFDF77CF830211720FDF778F8C3
:10654000B38B092B00F2EF80042B00F2EE800633B0
:106550009BB2702103F1604202F5614282F80013A0
:10656000012203F01F015B099B0003F160438A4095
:1065700003F56143B048C3F880211A60FEF768FA5A
:1065800008210620FDF754F896F82010002940F065
:10659000CE800A20FDF74CF8A84B3E20197AFDF773
:1065A00047F896F82030002B40F0C5801E46DFF8F3
:1065B000908298F80110013618F8020BFDF738F8B0
:1065C000142EF6D19F4B4FF4D0781E465522B8F1C9
:1065D000010803F8012BFAD1FEF71AF99A4B9B48F0
:1065E000C6E957389A4BC6F88C01C6F87C31FF23B0
:1065F000C6F888310223C6F89061A6F89431243099
:10660000FEF756F8FEF714F988F31188FEF708F93B
:106610004FF0FF338F4883658F4BC0F80480C0E98B
:106620001433836B4FF000094363FDF739FE42F2E8
:106630006070FEF705FAFEF77BF9FEF711FF874859
:10664000FEF7EEF8FDF784FF8548FEF7F9F9FEF74F
:10665000E7F8FDF77DFFFEF7F3F9824EDFF80882D9
:10666000B279B188013756F80C0BFDF769FC032F9E
:1066700008F8019BF4D17D4B4FF490771E465522CC
:10668000013F03F8012BFBD1FEF7C2F8784B7948A4
:10669000C6E937376E4BC6F80C01C6F8FC308023CC
:1066A000C6F808310223C6F81061A6F81431243068
:1066B000FDF7FEFFFEF7BCF887F311880023CDE954
:1066C0000E33FEF7ADF8F9F76BFED4F8A030013BBE
:1066D000002BC4F8A03032DBD4F89020134653F8D6
:1066E000081B0E9152680F92634AA2F190019342E7
:1066F00028BF0B46C4F89030F9F742FED4F8AC300E
:106700000133002BC4F8AC300ADCD4F8A4005B4A97
:106710000368C4F8A4305A6000238361FDF730FD9C
:10672000FFF736F91CE0282313E7172311E736207B
:10673000FCF73EFF28E73620FCF73AFF31E72B69EC
:106740004F4A4FF0FF319A611A60D4F89C2005201F
:106750005A601360C4F89C30FDF772FF0028BBD06C
:10676000FEF76EF99DF83D707B1E0A2B00F26586E0
:10677000DFE813F0A002EE0263066306630632064A
:1067800054065E0687046306D4043E48FDF790FA7B
:10679000064690B112A8CDF848A0FDF7D9FFC3B2C4
:1067A000C3B91299384A52F82300814200F04B864F
:1067B00003332D2BF7D13548B8E13548FDF778FA8A
:1067C0008246002875D00BA80B961296FDF7C0FFE5
:1067D000C6B226B12F493048FDF7F2FF6AE22F49D1
:1067E0002D48FDF7EDFFDFF8B880DFF8AC900B9B8C
:1067F0004FEA860A9E425FFA8AFA0CD2FDF7F0FB56
:10680000504612A9FEF72CFA8246FDF7E1F95FFA2D
:106810008AF0002846D00D211F48FAF7E9F80A212E
:106820001D48FAF7E5F81C48FAF7F2F8FDF7D8FF2B
:1068300040E200BF600800206C850008281F00208F
:10684000508A0008F81C0020114F0008541E002038
:106850007101000834210020091C0020B013002021
:1068600020110020681B00208C1B002040110020FC
:10687000614900081C120020002100201421002082
:106880000821002087850008208900087E820008F2
:106890009A8500088F8500080C220020A585000835
:1068A000B285000841464846129AFDF789FF013635
:1068B0009DE7AE48FDF7FCF9002800F0C68056467B
:1068C0000DF1480A5046FDF743FFC0B20028ADD194
:1068D0004FF005091299A648DFF898B2FEF7B8F80C
:1068E000FDF77EFB8DF82C60FEF792F8C0B2002811
:1068F00040F09480A04BD3F80080D8F80030586165
:106900005A69510623D40693FDF7CAF8FDF7D0F86B
:10691000FDF7DEF8C0B2069BD8B1B8463220FEF7CC
:1069200007F8B8F1000F7CD14FF006089DF82C3025
:1069300004338DF82C300A20FDF7FAFFB8F1010876
:1069400079D18E48FEF784F8FDF742F970E01A69B4
:10695000D6E7A0221A61FDF7D3F8C0B210B1FDF757
:10696000E7F8DAE7FDF79CF8FCF7A2FFC0B20028D1
:10697000D3D181480BAA43685B68DA60D8F8182045
:1069800080461A6001225A60FDF74AFF4368584664
:106990005A68136843F001031360FDF779FEFEF7B0
:1069A0004FF8D8F804305A681168069221F00F01A8
:1069B00011600E2219685B7B02FA03F34B60FCF74F
:1069C00077FF5FFA80F8B8F1000FA6D16A48069AFF
:1069D0000168C2F80CA08969116004215160FDF7BB
:1069E0001FFF4268584651680A6842F001020A6077
:1069F000FDF74EFEFEF724F80E235F48426850680C
:106A0000016821F00F0101601168527B03FA02F264
:106A10004A60FCF765FFFDF78BF87FE74FF004084D
:106A20007CE7B9F101097FF45FAF5548FEF710F834
:106A3000FDF7CEF8FAE6FEF783F8C0B200287FF43F
:106A40007AAFFDF7C5F804363AE74E48FDF730F95E
:106A5000824660B112A8FDF75BFEC0B200287FF449
:106A6000B9AEFDF7BDFE1298FEF70AFE22E14648D8
:106A7000FDF71EF9064600285BD0444B4FF00C0E84
:106A800059685346424A0EFB03FC5CF802008142FF
:106A900048D1624451683F48FDF7DAFF3E4B3F481A
:106AA0001968FDF7D5FF3E4B3E481968FDF7D0FF4A
:106AB0003D4B3E481A681979FDF7CAFF3C493D48ED
:106AC0008B694FF0000903934B69DFF8EC80029368
:106AD0000B69DFF8E8A00193CB68DFF8E4B000931E
:106AE000D1E901230968FDF7B3FF3648FDF7B0FF90
:106AF000D8F8001041B1DAF80020D8F80430584630
:106B0000D21AFDF7A5FF002609F10109B9F1090F15
:106B100008F10808ECD116B12B48FDF799FFFEF7F4
:106B20003FF8C7E001330F2BADD12848FDF790FFA8
:106B3000C0E02748FDF7BCF850B112A8FDF7E8FD0A
:106B4000C0B200287FF446AE134B129A1A606DE66D
:106B50002048FDF7ADF800283ED012A8FDF7D8FD7B
:106B6000C0B200287FF436AE0D4BEEE7B6850008C4
:106B7000B28500083021002020210020CC850008AB
:106B8000C2850008D6850008E0850008281F00207F
:106B9000208900085082000808080020E6850008C7
:106BA00004080020F4850008541C00200386000817
:106BB000601C002021860008FC0B0020A01B002088
:106BC000A68600088B860008C08600089886000804
:106BD000C9860008D5860008AC48FDF769F8064666
:106BE000D0B10020AA4AD8F85010F9F771FE002859
:106BF0003FF4F0AD002212A901F0D2F8129B1B78ED
:106C0000002B7FF4E7ADC0B20B283FF6E3ADA14BFC
:106C1000185CFEF7CDFC4DE09F48FDF749F8804633
:106C200098B112A8FDF794FDC0B260B9129B9B49C0
:106C3000002B9B4B1CBF464619469A4B9A481E7028
:106C4000FDF706FFF2E59549F7E74A469749984868
:106C5000FDF7B6FD2EE00D2901D00A2967D1002BE2
:106C600062D0A8F84E2016B1002288F84C200022ED
:106C700043441A71864AD8F85010A2F14000F9F73F
:106C800027FE01238146C8F8540088F84C30894813
:106C9000FDF70EF800287FF4C9AD8748FDF708F826
:106CA000824600283FF471AD844B854A854980486F
:106CB000FDF786FD00214FF0804C0E468B4640F2DA
:106CC000DE39DFF8EC81D8F85CE098F84C00B8F8D1
:106CD0004E20DEF80430D8F87CA15B68C3F1400395
:106CE000B3EB0A0348BF40334BB30AF10103402B17
:106CF000A8BF0023C2449AF88011C8F87C3128B993
:106D0000DCF824309B1A9BB24B4502D90126C8F807
:106D100048B0DCF824200829D8F8483092B29AD13B
:106D200013B1013BC8F8483001210020D1E73E2BC8
:106D30009FBF581C4344C8F848001971F4E709B1D3
:106D4000A8F84E20002E3FF4B9AC88F84C00B5E40A
:106D5000FEF786FBC0B2092803D141F6A470FDF707
:106D6000E7FD594FDFF864813E68D8F804300136FA
:106D7000092B3E6002D00C2B5CD08BB9DFF8509110
:106D800099F80420D9F80030B2B3002B4ADCB206DF
:106D900006D1FDF775FED9F800300BB1FDF7A0FE66
:106DA000B0077FF48BACD8F804300F2B3FF686ACDD
:106DB00001A252F823F000BF056F0008356F0008EC
:106DC0003F6F0008436F0008476F0008F56F000829
:106DD000F96F0008FD6F0008017000086D70000871
:106DE00075700008BD660008057000086170000835
:106DF0006570000869700008002B13DC354B364ABB
:106E00001B681168002BD8BF01F1FF310B44B3F5AB
:106E1000615F03DD4FF461531360B8E7002BB8BF27
:106E20000023F9E7013BC9F80030002BAFD1FDF793
:106E300057FEACE7294ADFF898901368002B57DD1E
:106E400099F80400D9F8001030B1002948DCB306E5
:106E5000A6D1FDF72DFE9EE7002941DC1D49013B2F
:106E6000096813600029C4BF6FF0040000FB013300
:106E700045F26041C8BF136013688B4201DD1160A9
:106E8000E5E7002BE3DA00231360E0E7E286000881
:106E900050220020608B0008EB860008C8840008A0
:106EA000C0840008F61C0020F98600080C87000842
:106EB0000C2200201D87000878850008D184000876
:106EC000DF84000880850008A01B0020281F002008
:106ED000541C0020601C002008080020040800202A
:106EE0000139C9F800100029B1D1FDF7F9FDAEE76D
:106EF00013F5167FA4BF03F1FF3313600023C9F815
:106F00000030A4E7984EFEF723FA7368002B02DDE9
:106F10009648FEF755F9B368002B02DD9448FEF75A
:106F20004FF9F368002B7FF7C9AB9248FEF748F999
:106F3000FFF7C4BB9048FEF7DBF9FFF7BFBB8F48F4
:106F4000F9E78F48F7E7884E7369022B0FD0032BC0
:106F50000FD0012B02D18B48FEF7CAF9B369991CF7
:106F600036D05A1C07D0033308D1874804E087483D
:106F7000F2E78748F0E78748FEF7BAF97368022B13
:106F800028D0032B28D0012B02D18348FEF7B0F97B
:106F9000B368022B22D0032B22D0012B02D17F48D1
:106FA000FEF7A6F9F368022B1CD0032B1CD0012B93
:106FB00002D17B48FEF79CF93369022B16D0032BD4
:106FC00016D0012B02D17748FEF792F97648B2E746
:106FD0007648D1E77648D9E77648D7E77648DFE7BD
:106FE0007648DDE77648E5E77648E3E77648EBE77D
:106FF0007648E9E776489EE776489CE776489AE740
:10700000764898E7F9F7ACFB04283FF657ABDFE882
:1070100000F003051220250071488CE77148FEF747
:1070200067F93C223B68B3FBF2F102FB1133002B02
:107030007FF444AB79E76C48FEF75AF91E223B68AF
:10704000B3FBF2F102FB1133002B7FF437AB47485F
:107050006CE76648FEF74CF9454867E764486AE71D
:10706000644868E7644866E7644864E7FEF770F9D7
:10707000FFF724BB3C4B1B69002BCCBF6048614829
:1070800059E79DF839709DF83860394632465E48B8
:10709000FDF7DEFC5D4B5B68042B7FF40FABAEB9F4
:1070A0005B48FEF7B5F8012F00F0D781022F00F002
:1070B000CE81002F7FF402ABFDF7B2FB4FF4966256
:1070C000544B1A804FF480725A8049E0524E736BD1
:1070D0008BB1FDF7A5FBF9F753F9F36A1BB106F184
:1070E0002000F9F785FA0023C6E90D337360F369D0
:1070F000B361FDF7A5FC4848F9F7DAFA012F08D08B
:10710000022F06D0002F7FF4D9AA424BDF70FFF781
:10711000D5BA00223F4BDA70FFF7D0BA0023DDF872
:1071200038809B4647463D4EC6E90033C6E90233E8
:10713000C6E90433B361D8F800309B4570D3FDF73E
:107140006FFB094B32681A6072685A60B2689A60C5
:10715000F268DA6032691A6172695A61B2699A61D9
:10716000FDF76EFCFFF7AABA601C0020708B0008C8
:10717000E0890008308B00084616002073160020B6
:10718000B2160020410F0020DB1000206E0F0020FF
:10719000AD0F00206F100020840E0020440C002052
:1071A000D90D00202E0D00209B1300209C100020E4
:1071B000B10E0020F00E0020710C0020B00C002059
:1071C000060E0020450E00205B0D00209A0D0020C9
:1071D000301700205D1700209C1700207B14002032
:1071E000DE120020F01200201D1300205C1300208E
:1071F000601200201A1800206B180020C51800200B
:107200002F0F00205D10002022870008281F00207B
:10721000C08A0008F21C0020CC230020EC0F0020C4
:10722000914B4FEACB091B78EBB197F90B0008EBB8
:1072300009018B7AB7F908200490887A03F00103DA
:10724000C0F300100390887AC0F3C0000290887ADF
:10725000C0F380000190897A8448C1F34001009115
:107260007968FDF7F5FB08EB09039B7ADB0774D51A
:1072700000217B68DFF8F8C107937E4B6246D3F8A4
:1072800000E00B46DCF800A0BAF1000F31D0DCF8CA
:107290000400AEEB000006900798504523D10699F4
:1072A000DB0013441B29C3F804E02FD808EB0903C3
:1072B0009B7A0BF1010B980748BF726807F108072A
:1072C00044BF01327260590742BFB2680132B260F6
:1072D0001A0742BFF2680132F260DB0642BF33692F
:1072E0000133336127E706981B2803D90021CCF826
:1072F000001019460133092B0CF1080CC2D1079B71
:1073000042F8313002EBC102C2F804E05A4B5B682C
:10731000092B03D00C2B0DD0002BC7D1574B1A795A
:10732000002AC3D11B68002BC0DCB7F90800FDF7A9
:1073300087FFBBE7514B1A79002AB7D11B68002B96
:10734000B4DCB7F908000028B0DD4D4B1B68002BFA
:10735000ACDD4000FDF794FFA8E7B7F908303268CC
:107360001A4403333260062BA0D801A252F823F04E
:10737000CB730008BD730008AD730008AD72000840
:107380008D73000899730008A37300087369002BBC
:107390008CDC0123736189E77369012B86DC02238E
:1073A000F8E77369022B81DC0323F3E7B369002B51
:1073B000FFF67CAF4FF0FF33B36177E7B36901337A
:1073C000FFF674AF6FF00103F6E7B3690233FFF61F
:1073D0006DAF6FF00203EFE72A4EFCF701FE307845
:1073E00080B1FDF7ADFBC0B240B100233370129302
:1073F0004FF4006312A81393FEF7E2FAFCF7E8FBE0
:10740000FFF75CB92049FDF72BFCC0B20028F5D18D
:107410000123129033704FF4E063EBE71A4E1B48E0
:107420003168FDF715FB3068FEF72AF9FFF746B91A
:107430001748FDF70DFBFFF741B939461548FDF731
:1074400007FBFFF73BB90846FEF792F832E4FDF779
:10745000E7F94FF65032104B33E6FDF7E1F90E4BEA
:1074600040F201121E802FE6F61C00202D87000836
:10747000FC0B0020A01B0020281F0020541C002013
:1074800004080020082200209C1E00205E870008BF
:107490007287000885870008F21C002000000000A9
:1074A000074B08495A6922F080025A6111F8012BF2
:1074B0000AB901BEFEE718680006FCD55A60F5E778
:1074C00000380140B0870008000000000000000004
:1074D00008B5F8F725FFF9F793F90A4B1B685BB17C
:1074E00098470122084B5A61F9F792F9F8F730FFF3
:1074F000BDE80840F9F72CB804490548FDF748F9FC
:10750000EFE700BF9808002000040140C087000892
:1075100040810008000000000000000000000000A2
:1075200008B5F8F7FDFEF9F76BF90A4B5B685BB13C
:1075300098470222084B5A61F9F76AF9F8F708FFF1
:10754000BDE80840F9F704B804490548FDF720F9FB
:10755000EFE700BF9808002000040140D087000832
:107560004081000800000000000000000000000052
:1075700008B5F8F7D5FEF9F743F90A4B9B685BB1FC
:1075800098470422084B5A61F9F742F9F8F7E0FEF0
:10759000BDE80840F8F7DCBF04490548FDF7F8F8F6
:1075A000EFE700BF9808002000040140E0870008D2
:1075B0004081000800000000000000000000000002
:1075C00008B5F8F7ADFEF9F71BF90A4BDB685BB1BC
:1075D00098470822084B5A61F9F71AF9F8F7B8FEEC
:1075E000BDE80840F8F7B4BF04490548FDF7D0F8F6
:1075F000EFE700BF9808002000040140F087000872
:1076000040810008000000000000000000000000B1
:1076100008B5F8F785FEF9F7F3F80A4B1B695BB17B
:1076200098471022084B5A61F9F7F2F8F8F790FEE4
:10763000BDE80840F8F78CBF04490548FDF7A8F8F5
:10764000EFE700BF98080020000401400088000810
:107650004081000800000000000000000000000061
:1076600008B5F8F75DFEF9F7CBF80A4B1B6863B174
:1076700098474FF47872084B5A61F9F7C9F8F8F750
:1076800067FEBDE80840F8F763BF04490448FDF70A
:107690007FF8EEE7B00800200004014010880008E1
:1076A0004081000800000000000000000000000011
:1076B00008B5F8F735FEF9F7A3F80A4B1B6863B174
:1076C00098474FF47C42084B5A61F9F7A1F8F8F754
:1076D0003FFEBDE80840F8F73BBF04490448FDF70A
:1076E00057F8EEE7AC0800200004014020880008AD
:1076F00040810008000000000000000000000000C1
:1077000008B5F8F70DFEF9F77BF8054B9B68F9F71C
:107710007FF8F8F71DFEBDE80840F8F719BF00BF75
:1077200000300140000000000000000000000000E8
:1077300008B5F8F7F5FDF9F763F8054B9B68F9F71D
:1077400067F8F8F705FEBDE80840F8F701BF00BF8D
:1077500000380040000000000000000000000000B1
:107760002DE9F047F8F7DCFD4FF080431A699207E6
:107770004CD50027284DB8462E461F61F9F740F832
:10778000F8F7FEFDF8F7FCFD56F8141F4FF080499E
:10779000D9F824302C8C9BB28A681C1BA4B294426A
:1077A0001ED38A682B8CD1F80CA013442B840B6851
:1077B000A41AB3425E606B61CF6008BFC9F80C7059
:1077C000F8F796FD88F311880869D047202383F3E2
:1077D0001188F8F775FD69698B689C42E1D2D5E79D
:1077E0006A69B24210D090682B84001B90608A684E
:1077F0004FF6FF718A4228BF0A46022A2CBF9B1807
:1078000002339BB2C9F83430F9F702F8F8F7A0FD5B
:10781000BDE8F047F8F79CBE341F002000000000D0
:107820002DE9F84FD84A0024D84B03271A604FF4AB
:1078300000324FF49078D64DC3E901441C731C61AB
:10784000D44BD549C3E90052D44AD54EC3E90412FA
:107850000731C3E90712C3E902259E61D14AD24B21
:10786000D2491A60D24AD348C3E90125D24ADD6021
:10787000C3E90412D14AD2499D619F839C77D160AC
:1078800083F8204042465C629C62214640F8044BEB
:1078900000F09EFACB484246214640F8044B00F0E7
:1078A00097FA41F21852C84BDFF820831E609F8080
:1078B0009C71C74B4FF092099A614FF483729A837F
:1078C000C3F80080F9F7ACF801224FF0FF0C6FF01D
:1078D0003D01C04B4FF0040E5A729972DA72DA769B
:1078E00019775A771C705C709C70DC701C7183F87F
:1078F00005C09C71DC711C721C735C739C73DC731F
:107900001C745C749C74DC741C755C759C75DC75F3
:1079100083F818C05C769C769C77DC7783F82040EF
:1079200083F82E102D2183F82D2083F82F2083F843
:107930003C2083F8214083F8224083F8234083F8D9
:10794000244083F8254083F8264083F8274083F8B5
:10795000284083F8294083F82A4083F82BC083F815
:107960002C4083F8304083F8314083F8324083F86C
:10797000334083F8344083F8354083F8364083F849
:10798000374083F8384083F8394083F83A4083F829
:107990003B4083F83D4083F83E401C6483F83F70D1
:1079A00083F8444083F8454083F8464083F84740D5
:1079B000894B00209972197700215A72DA761C706F
:1079C0005C709C70DC701C7183F805C09C71DC716C
:1079D0001C72DC721C735C739C73DC731C745C74AF
:1079E0009C74DC741C755C759C75DC751C765C760F
:1079F0009C765C7783F825209C77DC7783F82040A1
:107A000083F8214083F8224083F8234083F824E060
:107A100083F8264083F8274083F8284083F82940DC
:107A200083F82A4083F82B4083F82C40C3F82E407B
:107A300083F82D7083F8324083F8334083F8344064
:107A400083F83540654B4FF00E0AC3E900014FF44F
:107A5000E1306349C3E92433624B8D60C1E900031F
:107A60000923C1E903350A23C1E905374FF48553DA
:107A7000C1F81CE0C1E908935B4B4FF00C09196693
:107A800003F16401C3E95911584983F86C21196560
:107A90005749C3E916441960C3E95C445549C3E931
:107AA0005E445C64A3F84E409C6483F84C405C6583
:107AB000514B0F20196099604FF00B0B0D21A3F86B
:107AC00004A09A7199819A731D619A759D619A7744
:107AD0001D62A3F814909883A3F824B083F826209D
:107AE0009D620825A3F834A04FF0050A83F83620DC
:107AF0009D8583F82E209E63998783F83E201E6320
:107B00003E4B5919C3E90D113D494FF0FF3519603E
:107B10003C49C3E91F2CC3E91BA14FF0020AC3E98A
:107B20002321C3E91916C3E91DA2C3E92116C3E93C
:107B300025E2C3E91444C3E916545C601C66C3E93A
:107B4000272CC3E92916C3E92B41C3E92D72C3E9E8
:107B50002F2CC3E93154C3F8CC60A3F8D0A083F82C
:107B6000D240294B03F10801C3E9061127495C60A3
:107B700019602749C3E90D44C3E91512C3E9121678
:107B80006321C3E90F5445E000890008202100204B
:107B900000000240681B002001000200E1590008BB
:107BA00000040240488C0008600800200500060020
:107BB0000030014020190020070004009808002030
:107BC000D1450008441A0020D41B0020F88B00087F
:107BD000A01E0020091C0020F408002070200020B6
:107BE00008100020003801400C22002030880008D6
:107BF000E88B000800080240B4080020342100206F
:107C0000C88B000800040040CC230020088C00082A
:107C1000000C0140596683F84540A3F85090DC659C
:107C200083F86040164B03F108015C60C3E906115C
:107C30001449C3E90D4419601349C3E90F54C3E95A
:107C4000151216225A6642F21072C3E9121683F810
:107C50004540A3F85000DC6583F860400B4B9A6107
:107C60004FF481729A8340F2DE32C3F80080084BF1
:107C70009A6140F201129A83C3F80080BDE8F88F40
:107C8000C01E0020288C000800100140B013002006
:107C90002011002000000000000000000000000093
:107CA000012B2DE9F0478646904601D0242B06D9BA
:107CB00000F086F8162303600020BDE8F0870D462B
:107CC00035482A4615F8014B065D16F00806F8D12E
:107CD0002D2C2ED101262C78951C002B57D0102B43
:107CE00009D1302C07D12A7802F0DF02582A49D175
:107CF00010236C780235002206F1004C0CF1FF3C99
:107D0000BCFBF3F9104603FB19CAA4F13007092F95
:107D100014D83C46A34220DD571C07D0814519D317
:107D200001D1A24516DB012200FB034015F8014BEF
:107D3000EBE72B2C04BF2C78951CCEE7A4F1410770
:107D4000192F01D8373CE5E7A4F16107192F04D8B2
:107D5000573CDFE74FF0FF32E8E7531C08D12223FE
:107D60006046CEF80030B8F1000FA6D0691E06E0DC
:107D700006B14042B8F1000F9FD0002AF6D1C8F8F2
:107D800000109AE73024002BB5D10823B3E7302C3C
:107D9000A9D00A23AFE700BFB18D000800000000A2
:107DA00013460A46014602480068FFF779BF00BF44
:107DB0005C0800200000000000000000000000003F
:107DC000014B1868704700BF5C08002000000000ED
:107DD00003460244934200D1704703F8011BF9E7C0
:107DE0002DE9F047089E0D4604468E46002B4CD1E7
:107DF0008A42944667D9B2FA82F353B102FA03FC7D
:107E0000C3F1200201FA03FE20FA02F242EA0E0E4A
:107E10009C404FEA1C47BEFBF7F11FFA8CF507FBAD
:107E200011EE01FB05F0220C42EA0E4290420AD903
:107E30001CEB020201F1FF3E80F01981904240F2FA
:107E4000168102396244121AB2FBF7F007FB1022C6
:107E500000FB05F5A4B244EA0244A5420AD91CEB92
:107E6000040400F1FF3280F00481A54240F2018158
:107E70006444023840EA01400021641B1EB1DC402A
:107E80000023C6E90043BDE8F0878B4208D9002EE5
:107E900000F0EA800021C6E900050846BDE8F08749
:107EA000B3FA83F1002948D1AB4202D3824200F2F7
:107EB000F880841A65EB030201209646002EE2D07A
:107EC000C6E9004EDFE702B9FFDEB2FA82F3002B0B
:107ED00040F08E80881A0121170C1FFA82FEB0FB39
:107EE000F7F507FB1500220C42EA00420EFB05F0F5
:107EF000904208D91CEB020205F1FF3802D29042F1
:107F000000F2CC804546121AB2FBF7F007FB1022B4
:107F10000EFB00FEA4B244EA0244A64508D91CEBBD
:107F2000040400F1FF3202D2A64500F2B4801046EC
:107F3000A4EB0E0440EA0540A0E7C1F120078B4006
:107F400022FA07FC4CEA030C25FA07FA4FEA1C490F
:107F5000BAFBF9F88D4020FA07F309FB18AA1FFABB
:107F60008CFE2B4300FA01F508FB0EF01C0C44EAD2
:107F70000A44A04202FA01F20BD91CEB040408F1F6
:107F8000FF3A80F08680A04240F28380A8F1020888
:107F90006444241A98B2B4FBF9F309FB134403FBBD
:107FA0000EFE40EA0444A64508D91CEB040403F184
:107FB000FF306AD2A64568D9023B644443EA0840D0
:107FC000A0FB0293A4EB0E049C42C8469E4654D3E9
:107FD00051D0002E67D0B5EB080364EB0E04CB4004
:107FE00004FA07F71F43CC40C6E9007400214AE7B2
:107FF00002FA03FCC3F12000C1409D4024FA00F0C6
:108000004FEA1C472843B1FBF7F507FB15111FFA90
:108010008CFE020C42EA014205FB0EF1914204FA89
:1080200003F408D91CEB020205F1FF382FD291426C
:108030002DD9023D6244521AB2FBF7F107FB11221F
:1080400080B240EA024001FB0EF2824208D91CEBEA
:10805000000001F1FF3816D2824214D9023960447F
:10806000801A41EA05413AE7314630460BE771464E
:10807000E9E61046FEE64D45ABD2B9EB020863EBEC
:108080000C0E0138A5E74146EAE7034696E7454668
:10809000D1E7D0467DE76444023849E7023D6244B7
:1080A00031E708460AE73146EDE600BF0000000070
:1080B0000000000000000000010203040607080998
:1080C00000000000010203040000000000000000A6
:1080D000535623360000000000000000000000009E
:1080E000535623370000000000000000000000008D
:1080F000535623380000000000000000000000007C
:10810000535623390000000000000000000000006A
:108110005356233130000000000000000000000032
:108120005356233131000000000000000000000021
:10813000737461636B206F766572666C6F77000095
:10814000556E68616E646C65642025530D000000F7
:108150004F6B0D0A0000000000000000000000004E
:10816000535623340000000000000000000000000F
:1081700053562335000000000000000000000000FE
:10818000454553617665476F6F646E657373002371
:108190002025530D0000000000000000000000003A
:1081A000454553617665426561737452737263002D
:1081B00045455361766546697854696D656400008C
:1081C000454553617665466978466F726576657296
:1081D000000000000000000000000000000000009F
:1081E0006932634320427573790D0000000000007E
:1081F0002D333064426D002D323764426D002D32D4
:108200003564426D002D323064426D002D3135648D
:10821000426D002D313064426D002D3664426D0098
:108220002B3564426D002B3764426D002B31306476
:10823000426D002B313264426D003F3F64426D005D
:1082400054785077723A2025530D0000000000004A
:10825000446576547970653A2025730D004465763F
:10826000547970653A20556E6B6E6F776E0D000015
:108270004469703A203078253032583B2000496EEE
:1082800076616C69642064657620747970653A2043
:1082900025750D0000000000000000000000000037
:1082A0004545536176655479706500000000000013
:1082B00045455361766554785077720000000000A0
:1082C0004E6F74206170706C696361626C650D0043
:1082D00052657365740D0047506C75730D00474D02
:1082E000696E75730D00466978466F7265766572C2
:1082F0000D0046697854696D65640D0044697361C9
:10830000626C654669780D00536574547970653AFE
:10831000205061727469636C650D00536574547903
:1083200070653A2053656172636865720D0053652C
:1083300074547970653A2042656173740D00536519
:1083400074547970653A20506174680D00536574F7
:10835000547970653A20506C616365506C75733167
:108360000D00536574547970653A20506C616365F3
:10837000506C7573320D00536574547970653A20F2
:10838000506C616365506C7573330D0053657454A4
:108390007970653A20506C6163654D696E75733113
:1083A0000D00536574547970653A20506C616365B3
:1083B0004D696E7573320D00536574547970653A6A
:1083C00020506C6163654D696E7573330D005365A4
:1083D00074547970653A20506C6163654D696E75AF
:1083E00073314D616769630D00536574547970652D
:1083F0003A20506C6163654D696E7573324D6167EB
:1084000069630D00536574547970653A20506C614E
:1084100063654D696E7573334D616769630D005314
:10842000657454785077723A202D313564426D0D61
:108430000053657454785077723A202D313064427D
:108440006D0D0053657454785077723A202D366460
:10845000426D0D0053657454785077723A20203085
:1084600064426D0D0053657454785077723A202B36
:108470003564426D0D0053657454785077723A201C
:108480002B3764426D0D0053657454785077723AFF
:10849000202B313064426D0D005365745478507751
:1084A000723A202B313264426D0D004261643A20F1
:1084B00025640D0000000000000000000000000026
:1084C000456E61626C65640044697361626C6564E9
:1084D0000032303235303331315F303032370043A3
:1084E0006F6E636570744F66476F6F646E6573730C
:1084F000000D25532025533B2049443A2030782550
:108500003038580D00414842467265713D25754D21
:10851000487A3B2041504231467265713D25754D88
:10852000487A3B2041504232467265713D25754D77
:10853000487A0D00434320527374204661696C0DE4
:108540000043432057204661696C0D00434320528D
:108550002F57204661696C3B2072706C3D25750D6C
:108560000043432052204661696C0D00434320695B
:108570006E6974206F6B0D0056657273696F6E00C3
:1085800025532025530D00536574547970650042BE
:108590006164506172616D0D0A0050696C6C5265C6
:1085A00061643332002350696C6C4461746133320E
:1085B00020002575200050696C6C57726974653312
:1085C000320054696D656F7574310D0054696D65C5
:1085D0006F7574320D004170706C7950696C6C006D
:1085E000537461746500476F6F646E6573733A20EE
:1085F00025640D004265617374527372633A2025DD
:10860000640D00466978466F72657665723A20257A
:10861000643B2046697854696D65643A2025640D91
:1086200000676F6F646E6573735F64656C7461205F
:1086300025640D677265656E5F6576696C202564DB
:108640000D61727469666163742025640D637961DC
:108650006E5F62656173742025640D73656172637A
:108660006865722025640D676F6F646E6573735F54
:10867000706C75732025640D676F6F646E6573731E
:108680005F6D696E75732025640D00475472616ECD
:10869000734C6973743A0D004261642054797065BB
:1086A0003A2025750D0020202A2069642025583B9A
:1086B000207263766420257520732061676F0D003A
:1086C0002020656D7074790D00536574476F6F6479
:1086D0006E6573730053657442656173745273728F
:1086E00063005365745478507772005278506B74FD
:1086F0005072696E74696E67005278506B74507274
:10870000696E74696E673A2025730D00436D645578
:108710006E6B6E6F776E3A2025530D0A0050696EAE
:10872000670042746E2025752025750D0069643A36
:108730002025583B20673D256420733D2564206734
:10874000653D256420613D25642063623D256420EC
:10875000733D256420727373693D25640D00506973
:108760006C6C20636F6E6E65637465643A2025756A
:108770000D0050696C6C20646973636F6E6E656385
:108780007465640D00556E68616E646C6564206D7F
:1087900073672025750D00030406080C101820309F
:1087A00000000000000000000000000000000000C9
:1087B0000D486172644661756C740D000000000024
:1087C000566563746F7235380000000000000000C9
:1087D000566563746F7235430000000000000000AE
:1087E000566563746F7236300000000000000000B0
:1087F000566563746F72363400000000000000009C
:10880000566563746F723638000000000000000087
:10881000566563746F723943000000000000000069
:10882000566563746F724530000000000000000060
:10883000202C0000000000000000000000000000EC
:10884000536561726368657200506C616365506C5A
:1088500075733100506C616365506C7573320050F4
:108860006C616365506C757333004D617374657230
:1088700000506C6163654D696E75733100506C61B9
:1088800063654D696E75733200506C6163654D6947
:108890006E75733300417274696661637400506170
:1088A000727469636C65005061746800426561733D
:1088B0007400506C6163654D696E7573314D61670D
:1088C000696300506C6163654D696E7573324D610B
:1088D00067696300506C6163654D696E7573334DF4
:1088E00061676963000000000000000000000000F4
:1088F0000100000001000000000101000100000073
:10890000005400400004024006000700801A0600E0
:108910000500000006000000920000008200000038
:1089200000000000408800089B0A002001000000B1
:1089300049880008410F0020020000005488000808
:108940006E0F0020030000005F880008AD0F0020BC
:10895000040000006A8800087C1C0020050000005C
:10896000718800086F100020060000007D88000854
:108970009C1000200700000089880008DB10002000
:108980000800000095880008410A00200900000046
:108990009E8800086E0A00200A000000A7880008D0
:1089A000A41B00200C000000AC880008DC1B002089
:1089B0000D000000B2880008D51400200E00000051
:1089C000C3880008261500200F000000D488000886
:1089D00080150020000000000000000000000000E2
:1089E00000000000640000000100000063000000BF
:1089F0000000000000000000010000006300000013
:108A0000000000006400000001000000630000009E
:108A100000000000000000000100000063000000F2
:108A2000000000006400000001000000630000007E
:108A300000000000000000000100000068010000CC
:108A40000300000000000000000000000000000023
:108A50000B0E0C00100E112F1273150021B62210F0
:108A6000191D1A1C1BC71C091DB023EA242A250046
:108A7000261F2C882D312E09000000000000000068
:108A80000002000000B80701B4000000000000026E
:108A9000000000B90901B40000000000000200005D
:108AA00000900B01B4000000000000000000000076
:108AB00000030000000000000000000000000000B3
:108AC00000000000640000000100000063000000DE
:108AD000000000000000000001000000D7070000B7
:108AE0000200000000000000000000000000000084
:108AF0000002000000EA0A01B400000000000002C9
:108B00000000002D0901B400000000000002000078
:108B100000B80701B40000000000000000000000E1
:108B20000003000000000000000000000000000042
:108B3000000000006400000001000000630000006D
:108B400000000000000000000100000068010000BB
:108B50000300000000000000000000000000000012
:108B600003080D171D26375086CDC5C00000000034
:108B7000000000006400000001000000630000002D
:108B80000000000000000000010000006300000081
:108B9000000000006400000001000000630000000D
:108BA000000000000000000001000000680100005B
:108BB00003000000000000000000000000000000B2
:108BC0000000000000000000A1420008E1060008CB
:108BD00061400008110700080000000000000000CC
:108BE0000000000000000000F1090008110A000860
:108BF00000000000000000008145000800000000A7
:108C0000000000000000000061440008B1060008F8
:108C1000C106000800000000000000000000000085
:108C2000000000000000000071430008A1060008D9
:108C3000A108000800000000000000000000000083
:108C40000000000000000000B14500080000000026
:108C5000636853636852656164794168656164491A
:108C60000000000000000000000000000000000004
:108C70006368546864536C656570530000000000BD
:108C800063685363685265616479490000000000BD
:108C9000636854696D654164645800000000000019
:108CA000646D6153747265616D416C6C6F634900F2
:108CB00063685654446F5365744900000000000017
:108CC0000060024008600240010000000000000B4C
:108CD000006002401C600240020000000004010C21
:108CE0000060024030600240040000000008020DF5
:108CF000006002404460024008000000000C030EC7
:108D00000060024058600240100000000010040F94
:108D1000006002406C60024020000000001405105A
:108D20000060024080600240400000000018061110
:108D3000208F00086C2500206C2500206C25002069
:108D4000208F00080000000000000000000000006C
:108D5000208F00080000000000000000000000005C
:108D6000208F00080000000000000000000000004C
:108D7000208F00080000000000000000000000003C
:108D8000208F00080000000000000000000000002C
:108D9000208F00080000000000000000000000001C
:108DA000208F00080000000000000000000000000C
:108DB00000202020202020202020282828282820AB
:108DC00020202020202020202020202020202020A3
:108DD000208810101010101010101010101010100B
:108DE00010040404040404040404041010101010FB
:108DF00010104141414141410101010101010101C5
:108E00000101010101010101010101011010101016
:108E10001010424242424242020202020202020296
:108E200002020202020202020202020210101010EA
:108E30002000000000000000000000000000000012
:108E40000000000000000000000000000000000022
:108E50000000000000000000000000000000000012
:108E60000000000000000000000000000000000002
:108E700000000000000000000000000000000000F2
:108E800000000000000000000000000000000000E2
:108E900000000000000000000000000000000000D2
:108EA00000000000000000000000000000000000C2
:018EB00000C1
:088EB4002CEFFF7F010000001C
:108EC000201900206054000040380000FFFF00001F
:108ED00000000000342400209C24002004250020F1
:108EE0000000000000000000000000000000000082
:108EF0000000000000000000000000000000000072
:108F00000000000000000000000000000000000061
:108F10000000000000000000000000001008002019
:04000005080001519D
:00000001FF
